path_segment,time_hours,id,start_date,end_date
A-D,2160.0,1,2024-01-24,2024-04-23
D-D,2160.0,1,2024-04-23,2024-07-22
A-D,2160.0,2,2024-01-18,2024-04-17
D-D,2160.0,2,2024-04-17,2024-07-16
A-D,1440.0,3,2024-01-15,2024-03-15
D-C,1440.0,3,2024-03-15,2024-05-14
C-D,1440.0,3,2024-05-14,2024-07-13
A-A,1440.0,4,2024-01-13,2024-03-13
A-D,1440.0,4,2024-03-13,2024-05-12
D-D,1440.0,4,2024-05-12,2024-07-11
A-D,2160.0,5,2024-01-28,2024-04-27
D-D,2160.0,5,2024-04-27,2024-07-26
A-G,1440.0,6,2024-01-19,2024-03-19
G-D,1440.0,6,2024-03-19,2024-05-18
D-D,1440.0,6,2024-05-18,2024-07-17
A-D,2160.0,7,2024-01-09,2024-04-08
D-D,2160.0,7,2024-04-08,2024-07-07
A-D,1440.0,8,2024-01-30,2024-03-30
D-G,1440.0,8,2024-03-30,2024-05-29
G-D,1440.0,8,2024-05-29,2024-07-28
A-D,2160.0,9,2024-01-06,2024-04-05
D-D,2160.0,9,2024-04-05,2024-07-04
A-D,2160.0,10,2024-01-30,2024-04-29
D-D,2160.0,10,2024-04-29,2024-07-28
A-D,2160.0,11,2024-01-28,2024-04-27
D-D,2160.0,11,2024-04-27,2024-07-26
A-D,2160.0,12,2024-01-25,2024-04-24
D-D,2160.0,12,2024-04-24,2024-07-23
A-D,2160.0,13,2024-01-30,2024-04-29
D-D,2160.0,13,2024-04-29,2024-07-28
A-D,2160.0,14,2024-01-07,2024-04-06
D-D,2160.0,14,2024-04-06,2024-07-05
A-D,2160.0,15,2024-01-14,2024-04-13
D-D,2160.0,15,2024-04-13,2024-07-12
A-D,2160.0,16,2024-01-24,2024-04-23
D-D,2160.0,16,2024-04-23,2024-07-22
A-D,1440.0,17,2024-01-18,2024-03-18
D-B,1440.0,17,2024-03-18,2024-05-17
B-D,1440.0,17,2024-05-17,2024-07-16
A-D,2160.0,18,2024-01-01,2024-03-31
D-D,2160.0,18,2024-03-31,2024-06-29
A-D,2160.0,19,2024-01-26,2024-04-25
D-D,2160.0,19,2024-04-25,2024-07-24
A-G,1440.0,20,2024-01-12,2024-03-12
G-D,1440.0,20,2024-03-12,2024-05-11
D-D,1440.0,20,2024-05-11,2024-07-10
A-D,2160.0,21,2024-01-16,2024-04-15
D-D,2160.0,21,2024-04-15,2024-07-14
A-D,1440.0,22,2024-01-18,2024-03-18
D-C,1440.0,22,2024-03-18,2024-05-17
C-D,1440.0,22,2024-05-17,2024-07-16
A-D,2160.0,23,2024-01-12,2024-04-11
D-D,2160.0,23,2024-04-11,2024-07-10
A-D,2160.0,24,2024-01-04,2024-04-03
D-D,2160.0,24,2024-04-03,2024-07-02
A-D,2160.0,25,2024-01-29,2024-04-28
D-D,2160.0,25,2024-04-28,2024-07-27
A-D,2160.0,26,2024-01-30,2024-04-29
D-D,2160.0,26,2024-04-29,2024-07-28
A-D,2160.0,27,2024-01-14,2024-04-13
D-D,2160.0,27,2024-04-13,2024-07-12
A-D,2160.0,28,2024-01-05,2024-04-04
D-D,2160.0,28,2024-04-04,2024-07-03
A-D,2160.0,29,2024-01-03,2024-04-02
D-D,2160.0,29,2024-04-02,2024-07-01
A-B,1440.0,30,2024-01-28,2024-03-28
B-D,1440.0,30,2024-03-28,2024-05-27
D-D,1440.0,30,2024-05-27,2024-07-26
A-E,1440.0,31,2024-01-30,2024-03-30
E-F,1440.0,31,2024-03-30,2024-05-29
F-D,1440.0,31,2024-05-29,2024-07-28
A-D,2160.0,32,2024-01-14,2024-04-13
D-D,2160.0,32,2024-04-13,2024-07-12
A-D,2160.0,33,2024-01-08,2024-04-07
D-D,2160.0,33,2024-04-07,2024-07-06
A-D,2160.0,34,2024-01-07,2024-04-06
D-D,2160.0,34,2024-04-06,2024-07-05
A-D,2160.0,35,2024-01-28,2024-04-27
D-D,2160.0,35,2024-04-27,2024-07-26
A-D,1440.0,36,2024-01-16,2024-03-16
D-C,1440.0,36,2024-03-16,2024-05-15
C-D,1440.0,36,2024-05-15,2024-07-14
A-D,2160.0,37,2024-01-31,2024-04-30
D-D,2160.0,37,2024-04-30,2024-07-29
A-D,2160.0,38,2024-01-09,2024-04-08
D-D,2160.0,38,2024-04-08,2024-07-07
A-D,2160.0,39,2024-01-23,2024-04-22
D-D,2160.0,39,2024-04-22,2024-07-21
A-D,2160.0,40,2024-01-31,2024-04-30
D-D,2160.0,40,2024-04-30,2024-07-29
A-D,2160.0,41,2024-01-11,2024-04-10
D-D,2160.0,41,2024-04-10,2024-07-09
A-D,2160.0,42,2024-01-25,2024-04-24
D-D,2160.0,42,2024-04-24,2024-07-23
A-D,2160.0,43,2024-01-23,2024-04-22
D-D,2160.0,43,2024-04-22,2024-07-21
A-D,2160.0,44,2024-01-26,2024-04-25
D-D,2160.0,44,2024-04-25,2024-07-24
A-D,2160.0,45,2024-01-24,2024-04-23
D-D,2160.0,45,2024-04-23,2024-07-22
A-D,2160.0,46,2024-01-15,2024-04-14
D-D,2160.0,46,2024-04-14,2024-07-13
A-D,2160.0,47,2024-01-10,2024-04-09
D-D,2160.0,47,2024-04-09,2024-07-08
A-D,2160.0,48,2024-01-30,2024-04-29
D-D,2160.0,48,2024-04-29,2024-07-28
A-D,2160.0,49,2024-01-22,2024-04-21
D-D,2160.0,49,2024-04-21,2024-07-20
A-G,1440.0,50,2024-01-19,2024-03-19
G-D,1440.0,50,2024-03-19,2024-05-18
D-D,1440.0,50,2024-05-18,2024-07-17
A-D,2160.0,51,2024-01-23,2024-04-22
D-D,2160.0,51,2024-04-22,2024-07-21
A-D,2160.0,52,2024-01-10,2024-04-09
D-D,2160.0,52,2024-04-09,2024-07-08
A-D,2160.0,53,2024-01-31,2024-04-30
D-D,2160.0,53,2024-04-30,2024-07-29
A-A,1440.0,54,2024-01-20,2024-03-20
A-D,1440.0,54,2024-03-20,2024-05-19
D-D,1440.0,54,2024-05-19,2024-07-18
A-D,1440.0,55,2024-01-01,2024-03-01
D-D,1440.0,55,2024-03-01,2024-04-30
D-D,1440.0,55,2024-04-30,2024-06-29
A-D,2160.0,56,2024-01-12,2024-04-11
D-D,2160.0,56,2024-04-11,2024-07-10
A-D,2160.0,57,2024-01-16,2024-04-15
D-D,2160.0,57,2024-04-15,2024-07-14
A-D,2160.0,58,2024-01-26,2024-04-25
D-D,2160.0,58,2024-04-25,2024-07-24
A-D,2160.0,59,2024-01-25,2024-04-24
D-D,2160.0,59,2024-04-24,2024-07-23
A-D,2160.0,60,2024-01-10,2024-04-09
D-D,2160.0,60,2024-04-09,2024-07-08
A-D,2160.0,61,2024-01-19,2024-04-18
D-D,2160.0,61,2024-04-18,2024-07-17
A-D,2160.0,62,2024-01-05,2024-04-04
D-D,2160.0,62,2024-04-04,2024-07-03
A-D,2160.0,63,2024-01-03,2024-04-02
D-D,2160.0,63,2024-04-02,2024-07-01
A-D,2160.0,64,2024-01-23,2024-04-22
D-D,2160.0,64,2024-04-22,2024-07-21
A-D,2160.0,65,2024-01-01,2024-03-31
D-D,2160.0,65,2024-03-31,2024-06-29
A-D,1440.0,66,2024-01-19,2024-03-19
D-D,1440.0,66,2024-03-19,2024-05-18
D-D,1440.0,66,2024-05-18,2024-07-17
A-B,1440.0,67,2024-01-03,2024-03-03
B-D,1440.0,67,2024-03-03,2024-05-02
D-D,1440.0,67,2024-05-02,2024-07-01
A-D,2160.0,68,2024-01-21,2024-04-20
D-D,2160.0,68,2024-04-20,2024-07-19
A-D,2160.0,69,2024-01-03,2024-04-02
D-D,2160.0,69,2024-04-02,2024-07-01
A-D,2160.0,70,2024-01-16,2024-04-15
D-D,2160.0,70,2024-04-15,2024-07-14
A-D,2160.0,71,2024-01-30,2024-04-29
D-D,2160.0,71,2024-04-29,2024-07-28
A-D,2160.0,72,2024-01-01,2024-03-31
D-D,2160.0,72,2024-03-31,2024-06-29
A-D,2160.0,73,2024-01-15,2024-04-14
D-D,2160.0,73,2024-04-14,2024-07-13
A-D,2160.0,74,2024-01-22,2024-04-21
D-D,2160.0,74,2024-04-21,2024-07-20
A-D,1440.0,75,2024-01-27,2024-03-27
D-F,1440.0,75,2024-03-27,2024-05-26
F-D,1440.0,75,2024-05-26,2024-07-25
A-D,2160.0,76,2024-01-13,2024-04-12
D-D,2160.0,76,2024-04-12,2024-07-11
A-D,2160.0,77,2024-01-06,2024-04-05
D-D,2160.0,77,2024-04-05,2024-07-04
A-A,1440.0,78,2024-01-04,2024-03-04
A-D,1440.0,78,2024-03-04,2024-05-03
D-D,1440.0,78,2024-05-03,2024-07-02
A-D,1440.0,79,2024-01-20,2024-03-20
D-G,1440.0,79,2024-03-20,2024-05-19
G-D,1440.0,79,2024-05-19,2024-07-18
A-D,2160.0,80,2024-01-28,2024-04-27
D-D,2160.0,80,2024-04-27,2024-07-26
A-D,1440.0,81,2024-01-09,2024-03-09
D-G,1440.0,81,2024-03-09,2024-05-08
G-D,1440.0,81,2024-05-08,2024-07-07
A-F,1440.0,82,2024-01-30,2024-03-30
F-D,1440.0,82,2024-03-30,2024-05-29
D-D,1440.0,82,2024-05-29,2024-07-28
A-B,1440.0,83,2024-01-13,2024-03-13
B-D,1440.0,83,2024-03-13,2024-05-12
D-D,1440.0,83,2024-05-12,2024-07-11
A-D,2160.0,84,2024-01-15,2024-04-14
D-D,2160.0,84,2024-04-14,2024-07-13
A-D,2160.0,85,2024-01-06,2024-04-05
D-D,2160.0,85,2024-04-05,2024-07-04
A-D,2160.0,86,2024-01-29,2024-04-28
D-D,2160.0,86,2024-04-28,2024-07-27
A-D,2160.0,87,2024-01-29,2024-04-28
D-D,2160.0,87,2024-04-28,2024-07-27
A-D,1440.0,88,2024-01-23,2024-03-23
D-F,1440.0,88,2024-03-23,2024-05-22
F-D,1440.0,88,2024-05-22,2024-07-21
A-D,2160.0,89,2024-01-05,2024-04-04
D-D,2160.0,89,2024-04-04,2024-07-03
A-D,1440.0,90,2024-01-12,2024-03-12
D-D,1440.0,90,2024-03-12,2024-05-11
D-D,1440.0,90,2024-05-11,2024-07-10
A-A,1440.0,91,2024-01-02,2024-03-02
A-D,1440.0,91,2024-03-02,2024-05-01
D-D,1440.0,91,2024-05-01,2024-06-30
A-F,1440.0,92,2024-01-29,2024-03-29
F-D,1440.0,92,2024-03-29,2024-05-28
D-D,1440.0,92,2024-05-28,2024-07-27
A-D,2160.0,93,2024-01-24,2024-04-23
D-D,2160.0,93,2024-04-23,2024-07-22
A-D,2160.0,94,2024-01-23,2024-04-22
D-D,2160.0,94,2024-04-22,2024-07-21
A-D,1440.0,95,2024-01-01,2024-03-01
D-C,1440.0,95,2024-03-01,2024-04-30
C-D,1440.0,95,2024-04-30,2024-06-29
A-D,2160.0,96,2024-01-08,2024-04-07
D-D,2160.0,96,2024-04-07,2024-07-06
A-D,2160.0,97,2024-01-31,2024-04-30
D-D,2160.0,97,2024-04-30,2024-07-29
A-D,2160.0,98,2024-01-09,2024-04-08
D-D,2160.0,98,2024-04-08,2024-07-07
A-D,2160.0,99,2024-01-14,2024-04-13
D-D,2160.0,99,2024-04-13,2024-07-12
A-D,2160.0,100,2024-01-01,2024-03-31
D-D,2160.0,100,2024-03-31,2024-06-29
A-D,2160.0,101,2024-01-05,2024-04-04
D-D,2160.0,101,2024-04-04,2024-07-03
A-G,1440.0,102,2024-01-21,2024-03-21
G-D,1440.0,102,2024-03-21,2024-05-20
D-D,1440.0,102,2024-05-20,2024-07-19
A-D,2160.0,103,2024-01-15,2024-04-14
D-D,2160.0,103,2024-04-14,2024-07-13
A-D,2160.0,104,2024-01-21,2024-04-20
D-D,2160.0,104,2024-04-20,2024-07-19
A-A,1440.0,105,2024-01-20,2024-03-20
A-D,1440.0,105,2024-03-20,2024-05-19
D-D,1440.0,105,2024-05-19,2024-07-18
A-D,1440.0,106,2024-01-05,2024-03-05
D-D,1440.0,106,2024-03-05,2024-05-04
D-D,1440.0,106,2024-05-04,2024-07-03
A-D,1440.0,107,2024-01-26,2024-03-26
D-G,1440.0,107,2024-03-26,2024-05-25
G-D,1440.0,107,2024-05-25,2024-07-24
A-D,2160.0,108,2024-01-01,2024-03-31
D-D,2160.0,108,2024-03-31,2024-06-29
A-D,2160.0,109,2024-01-06,2024-04-05
D-D,2160.0,109,2024-04-05,2024-07-04
A-D,1440.0,110,2024-01-10,2024-03-10
D-G,1440.0,110,2024-03-10,2024-05-09
G-D,1440.0,110,2024-05-09,2024-07-08
A-D,2160.0,111,2024-01-29,2024-04-28
D-D,2160.0,111,2024-04-28,2024-07-27
A-D,2160.0,112,2024-01-31,2024-04-30
D-D,2160.0,112,2024-04-30,2024-07-29
A-D,2160.0,113,2024-01-29,2024-04-28
D-D,2160.0,113,2024-04-28,2024-07-27
A-D,2160.0,114,2024-01-27,2024-04-26
D-D,2160.0,114,2024-04-26,2024-07-25
A-D,1440.0,115,2024-01-02,2024-03-02
D-B,1440.0,115,2024-03-02,2024-05-01
B-D,1440.0,115,2024-05-01,2024-06-30
A-D,2160.0,116,2024-01-14,2024-04-13
D-D,2160.0,116,2024-04-13,2024-07-12
A-D,2160.0,117,2024-01-21,2024-04-20
D-D,2160.0,117,2024-04-20,2024-07-19
A-D,2160.0,118,2024-01-22,2024-04-21
D-D,2160.0,118,2024-04-21,2024-07-20
A-D,2160.0,119,2024-01-14,2024-04-13
D-D,2160.0,119,2024-04-13,2024-07-12
A-D,2160.0,120,2024-01-26,2024-04-25
D-D,2160.0,120,2024-04-25,2024-07-24
A-D,2160.0,121,2024-01-02,2024-04-01
D-D,2160.0,121,2024-04-01,2024-06-30
A-D,1440.0,122,2024-01-19,2024-03-19
D-C,1440.0,122,2024-03-19,2024-05-18
C-D,1440.0,122,2024-05-18,2024-07-17
A-D,2160.0,123,2024-01-29,2024-04-28
D-D,2160.0,123,2024-04-28,2024-07-27
A-D,2160.0,124,2024-01-01,2024-03-31
D-D,2160.0,124,2024-03-31,2024-06-29
A-D,2160.0,125,2024-01-25,2024-04-24
D-D,2160.0,125,2024-04-24,2024-07-23
A-D,2160.0,126,2024-01-03,2024-04-02
D-D,2160.0,126,2024-04-02,2024-07-01
A-D,2160.0,127,2024-01-15,2024-04-14
D-D,2160.0,127,2024-04-14,2024-07-13
A-D,1440.0,128,2024-01-08,2024-03-08
D-F,1440.0,128,2024-03-08,2024-05-07
F-D,1440.0,128,2024-05-07,2024-07-06
A-D,2160.0,129,2024-01-19,2024-04-18
D-D,2160.0,129,2024-04-18,2024-07-17
A-D,2160.0,130,2024-01-05,2024-04-04
D-D,2160.0,130,2024-04-04,2024-07-03
A-D,2160.0,131,2024-01-05,2024-04-04
D-D,2160.0,131,2024-04-04,2024-07-03
A-D,2160.0,132,2024-01-31,2024-04-30
D-D,2160.0,132,2024-04-30,2024-07-29
A-D,2160.0,133,2024-01-02,2024-04-01
D-D,2160.0,133,2024-04-01,2024-06-30
A-D,2160.0,134,2024-01-07,2024-04-06
D-D,2160.0,134,2024-04-06,2024-07-05
A-D,2160.0,135,2024-01-18,2024-04-17
D-D,2160.0,135,2024-04-17,2024-07-16
A-D,1440.0,136,2024-01-24,2024-03-24
D-F,1440.0,136,2024-03-24,2024-05-23
F-D,1440.0,136,2024-05-23,2024-07-22
A-D,2160.0,137,2024-01-05,2024-04-04
D-D,2160.0,137,2024-04-04,2024-07-03
A-D,2160.0,138,2024-01-25,2024-04-24
D-D,2160.0,138,2024-04-24,2024-07-23
A-D,2160.0,139,2024-01-06,2024-04-05
D-D,2160.0,139,2024-04-05,2024-07-04
A-D,2160.0,140,2024-01-31,2024-04-30
D-D,2160.0,140,2024-04-30,2024-07-29
A-D,2160.0,141,2024-01-30,2024-04-29
D-D,2160.0,141,2024-04-29,2024-07-28
A-D,1440.0,142,2024-01-20,2024-03-20
D-E,1440.0,142,2024-03-20,2024-05-19
E-D,1440.0,142,2024-05-19,2024-07-18
A-D,2160.0,143,2024-01-10,2024-04-09
D-D,2160.0,143,2024-04-09,2024-07-08
A-D,2160.0,144,2024-01-10,2024-04-09
D-D,2160.0,144,2024-04-09,2024-07-08
A-E,1440.0,145,2024-01-26,2024-03-26
E-D,1440.0,145,2024-03-26,2024-05-25
D-D,1440.0,145,2024-05-25,2024-07-24
A-F,1440.0,146,2024-01-07,2024-03-07
F-G,1440.0,146,2024-03-07,2024-05-06
G-D,1440.0,146,2024-05-06,2024-07-05
A-D,2160.0,147,2024-01-31,2024-04-30
D-D,2160.0,147,2024-04-30,2024-07-29
A-D,1440.0,148,2024-01-02,2024-03-02
D-G,1440.0,148,2024-03-02,2024-05-01
G-D,1440.0,148,2024-05-01,2024-06-30
A-D,2160.0,149,2024-01-29,2024-04-28
D-D,2160.0,149,2024-04-28,2024-07-27
A-D,2160.0,150,2024-01-03,2024-04-02
D-D,2160.0,150,2024-04-02,2024-07-01
A-D,2160.0,151,2024-01-24,2024-04-23
D-D,2160.0,151,2024-04-23,2024-07-22
A-D,2160.0,152,2024-01-04,2024-04-03
D-D,2160.0,152,2024-04-03,2024-07-02
A-G,1440.0,153,2024-01-19,2024-03-19
G-D,1440.0,153,2024-03-19,2024-05-18
D-D,1440.0,153,2024-05-18,2024-07-17
A-D,2160.0,154,2024-01-21,2024-04-20
D-D,2160.0,154,2024-04-20,2024-07-19
A-D,2160.0,155,2024-01-28,2024-04-27
D-D,2160.0,155,2024-04-27,2024-07-26
A-D,2160.0,156,2024-01-15,2024-04-14
D-D,2160.0,156,2024-04-14,2024-07-13
A-D,2160.0,157,2024-01-02,2024-04-01
D-D,2160.0,157,2024-04-01,2024-06-30
A-D,2160.0,158,2024-01-25,2024-04-24
D-D,2160.0,158,2024-04-24,2024-07-23
A-D,2160.0,159,2024-01-17,2024-04-16
D-D,2160.0,159,2024-04-16,2024-07-15
A-D,2160.0,160,2024-01-16,2024-04-15
D-D,2160.0,160,2024-04-15,2024-07-14
A-D,2160.0,161,2024-01-23,2024-04-22
D-D,2160.0,161,2024-04-22,2024-07-21
A-D,1440.0,162,2024-01-25,2024-03-25
D-G,1440.0,162,2024-03-25,2024-05-24
G-D,1440.0,162,2024-05-24,2024-07-23
A-D,2160.0,163,2024-01-17,2024-04-16
D-D,2160.0,163,2024-04-16,2024-07-15
A-D,2160.0,164,2024-01-09,2024-04-08
D-D,2160.0,164,2024-04-08,2024-07-07
A-D,2160.0,165,2024-01-14,2024-04-13
D-D,2160.0,165,2024-04-13,2024-07-12
A-D,2160.0,166,2024-01-20,2024-04-19
D-D,2160.0,166,2024-04-19,2024-07-18
A-G,1440.0,167,2024-01-14,2024-03-14
G-D,1440.0,167,2024-03-14,2024-05-13
D-D,1440.0,167,2024-05-13,2024-07-12
A-D,2160.0,168,2024-01-19,2024-04-18
D-D,2160.0,168,2024-04-18,2024-07-17
A-D,2160.0,169,2024-01-01,2024-03-31
D-D,2160.0,169,2024-03-31,2024-06-29
A-D,2160.0,170,2024-01-08,2024-04-07
D-D,2160.0,170,2024-04-07,2024-07-06
A-D,2160.0,171,2024-01-04,2024-04-03
D-D,2160.0,171,2024-04-03,2024-07-02
A-D,2160.0,172,2024-01-25,2024-04-24
D-D,2160.0,172,2024-04-24,2024-07-23
A-D,2160.0,173,2024-01-23,2024-04-22
D-D,2160.0,173,2024-04-22,2024-07-21
A-D,2160.0,174,2024-01-02,2024-04-01
D-D,2160.0,174,2024-04-01,2024-06-30
A-D,2160.0,175,2024-01-08,2024-04-07
D-D,2160.0,175,2024-04-07,2024-07-06
A-D,2160.0,176,2024-01-11,2024-04-10
D-D,2160.0,176,2024-04-10,2024-07-09
A-D,2160.0,177,2024-01-23,2024-04-22
D-D,2160.0,177,2024-04-22,2024-07-21
A-D,2160.0,178,2024-01-09,2024-04-08
D-D,2160.0,178,2024-04-08,2024-07-07
A-D,2160.0,179,2024-01-25,2024-04-24
D-D,2160.0,179,2024-04-24,2024-07-23
A-A,1440.0,180,2024-01-22,2024-03-22
A-D,1440.0,180,2024-03-22,2024-05-21
D-D,1440.0,180,2024-05-21,2024-07-20
A-D,2160.0,181,2024-01-15,2024-04-14
D-D,2160.0,181,2024-04-14,2024-07-13
A-D,2160.0,182,2024-01-09,2024-04-08
D-D,2160.0,182,2024-04-08,2024-07-07
A-D,2160.0,183,2024-01-09,2024-04-08
D-D,2160.0,183,2024-04-08,2024-07-07
A-C,1440.0,184,2024-01-04,2024-03-04
C-D,1440.0,184,2024-03-04,2024-05-03
D-D,1440.0,184,2024-05-03,2024-07-02
A-D,2160.0,185,2024-01-30,2024-04-29
D-D,2160.0,185,2024-04-29,2024-07-28
A-D,2160.0,186,2024-01-10,2024-04-09
D-D,2160.0,186,2024-04-09,2024-07-08
A-D,2160.0,187,2024-01-01,2024-03-31
D-D,2160.0,187,2024-03-31,2024-06-29
A-D,2160.0,188,2024-01-03,2024-04-02
D-D,2160.0,188,2024-04-02,2024-07-01
A-D,2160.0,189,2024-01-07,2024-04-06
D-D,2160.0,189,2024-04-06,2024-07-05
A-D,2160.0,190,2024-01-16,2024-04-15
D-D,2160.0,190,2024-04-15,2024-07-14
A-D,2160.0,191,2024-01-23,2024-04-22
D-D,2160.0,191,2024-04-22,2024-07-21
A-D,2160.0,192,2024-01-23,2024-04-22
D-D,2160.0,192,2024-04-22,2024-07-21
A-D,2160.0,193,2024-01-15,2024-04-14
D-D,2160.0,193,2024-04-14,2024-07-13
A-D,2160.0,194,2024-01-27,2024-04-26
D-D,2160.0,194,2024-04-26,2024-07-25
A-D,2160.0,195,2024-01-05,2024-04-04
D-D,2160.0,195,2024-04-04,2024-07-03
A-D,2160.0,196,2024-01-18,2024-04-17
D-D,2160.0,196,2024-04-17,2024-07-16
A-D,2160.0,197,2024-01-13,2024-04-12
D-D,2160.0,197,2024-04-12,2024-07-11
A-D,2160.0,198,2024-01-16,2024-04-15
D-D,2160.0,198,2024-04-15,2024-07-14
A-D,2160.0,199,2024-01-17,2024-04-16
D-D,2160.0,199,2024-04-16,2024-07-15
A-D,2160.0,200,2024-01-07,2024-04-06
D-D,2160.0,200,2024-04-06,2024-07-05
A-D,2160.0,201,2024-01-17,2024-04-16
D-D,2160.0,201,2024-04-16,2024-07-15
A-D,2160.0,202,2024-01-15,2024-04-14
D-D,2160.0,202,2024-04-14,2024-07-13
A-E,1440.0,203,2024-01-15,2024-03-15
E-E,1440.0,203,2024-03-15,2024-05-14
E-D,1440.0,203,2024-05-14,2024-07-13
A-D,2160.0,204,2024-01-20,2024-04-19
D-D,2160.0,204,2024-04-19,2024-07-18
A-D,2160.0,205,2024-01-06,2024-04-05
D-D,2160.0,205,2024-04-05,2024-07-04
A-D,2160.0,206,2024-01-31,2024-04-30
D-D,2160.0,206,2024-04-30,2024-07-29
A-D,2160.0,207,2024-01-07,2024-04-06
D-D,2160.0,207,2024-04-06,2024-07-05
A-A,1440.0,208,2024-01-01,2024-03-01
A-D,1440.0,208,2024-03-01,2024-04-30
D-D,1440.0,208,2024-04-30,2024-06-29
A-D,2160.0,209,2024-01-12,2024-04-11
D-D,2160.0,209,2024-04-11,2024-07-10
A-D,2160.0,210,2024-01-13,2024-04-12
D-D,2160.0,210,2024-04-12,2024-07-11
A-D,2160.0,211,2024-01-09,2024-04-08
D-D,2160.0,211,2024-04-08,2024-07-07
A-D,2160.0,212,2024-01-22,2024-04-21
D-D,2160.0,212,2024-04-21,2024-07-20
A-D,2160.0,213,2024-01-28,2024-04-27
D-D,2160.0,213,2024-04-27,2024-07-26
A-D,2160.0,214,2024-01-11,2024-04-10
D-D,2160.0,214,2024-04-10,2024-07-09
A-D,2160.0,215,2024-01-03,2024-04-02
D-D,2160.0,215,2024-04-02,2024-07-01
A-D,2160.0,216,2024-01-13,2024-04-12
D-D,2160.0,216,2024-04-12,2024-07-11
A-D,2160.0,217,2024-01-26,2024-04-25
D-D,2160.0,217,2024-04-25,2024-07-24
A-G,1440.0,218,2024-01-23,2024-03-23
G-D,1440.0,218,2024-03-23,2024-05-22
D-D,1440.0,218,2024-05-22,2024-07-21
A-D,1440.0,219,2024-01-18,2024-03-18
D-D,1440.0,219,2024-03-18,2024-05-17
D-D,1440.0,219,2024-05-17,2024-07-16
A-D,2160.0,220,2024-01-25,2024-04-24
D-D,2160.0,220,2024-04-24,2024-07-23
A-D,2160.0,221,2024-01-17,2024-04-16
D-D,2160.0,221,2024-04-16,2024-07-15
A-D,2160.0,222,2024-01-10,2024-04-09
D-D,2160.0,222,2024-04-09,2024-07-08
A-D,2160.0,223,2024-01-05,2024-04-04
D-D,2160.0,223,2024-04-04,2024-07-03
A-D,2160.0,224,2024-01-07,2024-04-06
D-D,2160.0,224,2024-04-06,2024-07-05
A-D,2160.0,225,2024-01-17,2024-04-16
D-D,2160.0,225,2024-04-16,2024-07-15
A-D,2160.0,226,2024-01-06,2024-04-05
D-D,2160.0,226,2024-04-05,2024-07-04
A-D,2160.0,227,2024-01-15,2024-04-14
D-D,2160.0,227,2024-04-14,2024-07-13
A-D,1440.0,228,2024-01-12,2024-03-12
D-C,1440.0,228,2024-03-12,2024-05-11
C-D,1440.0,228,2024-05-11,2024-07-10
A-D,2160.0,229,2024-01-12,2024-04-11
D-D,2160.0,229,2024-04-11,2024-07-10
A-D,2160.0,230,2024-01-12,2024-04-11
D-D,2160.0,230,2024-04-11,2024-07-10
A-D,2160.0,231,2024-01-28,2024-04-27
D-D,2160.0,231,2024-04-27,2024-07-26
A-D,2160.0,232,2024-01-15,2024-04-14
D-D,2160.0,232,2024-04-14,2024-07-13
A-D,1440.0,233,2024-01-21,2024-03-21
D-G,1440.0,233,2024-03-21,2024-05-20
G-D,1440.0,233,2024-05-20,2024-07-19
A-D,2160.0,234,2024-01-21,2024-04-20
D-D,2160.0,234,2024-04-20,2024-07-19
A-D,2160.0,235,2024-01-28,2024-04-27
D-D,2160.0,235,2024-04-27,2024-07-26
A-D,1440.0,236,2024-01-29,2024-03-29
D-B,1440.0,236,2024-03-29,2024-05-28
B-D,1440.0,236,2024-05-28,2024-07-27
A-A,1440.0,237,2024-01-02,2024-03-02
A-A,1440.0,237,2024-03-02,2024-05-01
A-D,1440.0,237,2024-05-01,2024-06-30
A-D,2160.0,238,2024-01-13,2024-04-12
D-D,2160.0,238,2024-04-12,2024-07-11
A-D,2160.0,239,2024-01-20,2024-04-19
D-D,2160.0,239,2024-04-19,2024-07-18
A-D,2160.0,240,2024-01-12,2024-04-11
D-D,2160.0,240,2024-04-11,2024-07-10
A-D,2160.0,241,2024-01-01,2024-03-31
D-D,2160.0,241,2024-03-31,2024-06-29
A-D,2160.0,242,2024-01-17,2024-04-16
D-D,2160.0,242,2024-04-16,2024-07-15
A-F,1440.0,243,2024-01-17,2024-03-17
F-D,1440.0,243,2024-03-17,2024-05-16
D-D,1440.0,243,2024-05-16,2024-07-15
A-D,2160.0,244,2024-01-22,2024-04-21
D-D,2160.0,244,2024-04-21,2024-07-20
A-D,2160.0,245,2024-01-31,2024-04-30
D-D,2160.0,245,2024-04-30,2024-07-29
A-D,2160.0,246,2024-01-18,2024-04-17
D-D,2160.0,246,2024-04-17,2024-07-16
A-D,2160.0,247,2024-01-27,2024-04-26
D-D,2160.0,247,2024-04-26,2024-07-25
A-D,2160.0,248,2024-01-10,2024-04-09
D-D,2160.0,248,2024-04-09,2024-07-08
A-D,2160.0,249,2024-01-18,2024-04-17
D-D,2160.0,249,2024-04-17,2024-07-16
A-D,2160.0,250,2024-01-14,2024-04-13
D-D,2160.0,250,2024-04-13,2024-07-12
A-D,2160.0,251,2024-01-22,2024-04-21
D-D,2160.0,251,2024-04-21,2024-07-20
A-D,2160.0,252,2024-01-30,2024-04-29
D-D,2160.0,252,2024-04-29,2024-07-28
A-D,2160.0,253,2024-01-20,2024-04-19
D-D,2160.0,253,2024-04-19,2024-07-18
A-D,2160.0,254,2024-01-25,2024-04-24
D-D,2160.0,254,2024-04-24,2024-07-23
A-D,2160.0,255,2024-01-14,2024-04-13
D-D,2160.0,255,2024-04-13,2024-07-12
A-D,2160.0,256,2024-01-15,2024-04-14
D-D,2160.0,256,2024-04-14,2024-07-13
A-D,2160.0,257,2024-01-22,2024-04-21
D-D,2160.0,257,2024-04-21,2024-07-20
A-D,2160.0,258,2024-01-08,2024-04-07
D-D,2160.0,258,2024-04-07,2024-07-06
A-D,2160.0,259,2024-01-15,2024-04-14
D-D,2160.0,259,2024-04-14,2024-07-13
A-D,2160.0,260,2024-01-03,2024-04-02
D-D,2160.0,260,2024-04-02,2024-07-01
A-D,2160.0,261,2024-01-08,2024-04-07
D-D,2160.0,261,2024-04-07,2024-07-06
A-D,2160.0,262,2024-01-01,2024-03-31
D-D,2160.0,262,2024-03-31,2024-06-29
A-D,2160.0,263,2024-01-08,2024-04-07
D-D,2160.0,263,2024-04-07,2024-07-06
A-D,2160.0,264,2024-01-12,2024-04-11
D-D,2160.0,264,2024-04-11,2024-07-10
A-F,1440.0,265,2024-01-24,2024-03-24
F-D,1440.0,265,2024-03-24,2024-05-23
D-D,1440.0,265,2024-05-23,2024-07-22
A-D,2160.0,266,2024-01-12,2024-04-11
D-D,2160.0,266,2024-04-11,2024-07-10
A-D,2160.0,267,2024-01-03,2024-04-02
D-D,2160.0,267,2024-04-02,2024-07-01
A-D,2160.0,268,2024-01-15,2024-04-14
D-D,2160.0,268,2024-04-14,2024-07-13
A-D,2160.0,269,2024-01-12,2024-04-11
D-D,2160.0,269,2024-04-11,2024-07-10
A-D,2160.0,270,2024-01-14,2024-04-13
D-D,2160.0,270,2024-04-13,2024-07-12
A-D,2160.0,271,2024-01-03,2024-04-02
D-D,2160.0,271,2024-04-02,2024-07-01
A-D,2160.0,272,2024-01-13,2024-04-12
D-D,2160.0,272,2024-04-12,2024-07-11
A-D,2160.0,273,2024-01-03,2024-04-02
D-D,2160.0,273,2024-04-02,2024-07-01
A-D,1440.0,274,2024-01-18,2024-03-18
D-F,1440.0,274,2024-03-18,2024-05-17
F-D,1440.0,274,2024-05-17,2024-07-16
A-D,2160.0,275,2024-01-02,2024-04-01
D-D,2160.0,275,2024-04-01,2024-06-30
A-D,2160.0,276,2024-01-23,2024-04-22
D-D,2160.0,276,2024-04-22,2024-07-21
A-D,2160.0,277,2024-01-12,2024-04-11
D-D,2160.0,277,2024-04-11,2024-07-10
A-D,2160.0,278,2024-01-14,2024-04-13
D-D,2160.0,278,2024-04-13,2024-07-12
A-D,2160.0,279,2024-01-27,2024-04-26
D-D,2160.0,279,2024-04-26,2024-07-25
A-D,2160.0,280,2024-01-23,2024-04-22
D-D,2160.0,280,2024-04-22,2024-07-21
A-D,2160.0,281,2024-01-06,2024-04-05
D-D,2160.0,281,2024-04-05,2024-07-04
A-D,2160.0,282,2024-01-08,2024-04-07
D-D,2160.0,282,2024-04-07,2024-07-06
A-D,2160.0,283,2024-01-30,2024-04-29
D-D,2160.0,283,2024-04-29,2024-07-28
A-D,1440.0,284,2024-01-24,2024-03-24
D-G,1440.0,284,2024-03-24,2024-05-23
G-D,1440.0,284,2024-05-23,2024-07-22
A-D,2160.0,285,2024-01-23,2024-04-22
D-D,2160.0,285,2024-04-22,2024-07-21
A-D,1440.0,286,2024-01-21,2024-03-21
D-E,1440.0,286,2024-03-21,2024-05-20
E-D,1440.0,286,2024-05-20,2024-07-19
A-D,2160.0,287,2024-01-30,2024-04-29
D-D,2160.0,287,2024-04-29,2024-07-28
A-D,2160.0,288,2024-01-16,2024-04-15
D-D,2160.0,288,2024-04-15,2024-07-14
A-G,1440.0,289,2024-01-07,2024-03-07
G-D,1440.0,289,2024-03-07,2024-05-06
D-D,1440.0,289,2024-05-06,2024-07-05
A-D,2160.0,290,2024-01-23,2024-04-22
D-D,2160.0,290,2024-04-22,2024-07-21
A-D,1440.0,291,2024-01-30,2024-03-30
D-F,1440.0,291,2024-03-30,2024-05-29
F-D,1440.0,291,2024-05-29,2024-07-28
A-D,2160.0,292,2024-01-30,2024-04-29
D-D,2160.0,292,2024-04-29,2024-07-28
A-D,2160.0,293,2024-01-11,2024-04-10
D-D,2160.0,293,2024-04-10,2024-07-09
A-D,2160.0,294,2024-01-26,2024-04-25
D-D,2160.0,294,2024-04-25,2024-07-24
A-D,1440.0,295,2024-01-20,2024-03-20
D-D,1440.0,295,2024-03-20,2024-05-19
D-D,1440.0,295,2024-05-19,2024-07-18
A-D,1440.0,296,2024-01-07,2024-03-07
D-F,1440.0,296,2024-03-07,2024-05-06
F-D,1440.0,296,2024-05-06,2024-07-05
A-D,2160.0,297,2024-01-21,2024-04-20
D-D,2160.0,297,2024-04-20,2024-07-19
A-D,2160.0,298,2024-01-01,2024-03-31
D-D,2160.0,298,2024-03-31,2024-06-29
A-D,1440.0,299,2024-01-09,2024-03-09
D-D,1440.0,299,2024-03-09,2024-05-08
D-D,1440.0,299,2024-05-08,2024-07-07
A-D,2160.0,300,2024-01-03,2024-04-02
D-D,2160.0,300,2024-04-02,2024-07-01
A-D,2160.0,301,2024-01-11,2024-04-10
D-D,2160.0,301,2024-04-10,2024-07-09
A-D,2160.0,302,2024-01-23,2024-04-22
D-D,2160.0,302,2024-04-22,2024-07-21
A-B,1440.0,303,2024-01-18,2024-03-18
B-D,1440.0,303,2024-03-18,2024-05-17
D-D,1440.0,303,2024-05-17,2024-07-16
A-D,2160.0,304,2024-01-16,2024-04-15
D-D,2160.0,304,2024-04-15,2024-07-14
A-A,1440.0,305,2024-01-12,2024-03-12
A-D,1440.0,305,2024-03-12,2024-05-11
D-D,1440.0,305,2024-05-11,2024-07-10
A-G,1440.0,306,2024-01-09,2024-03-09
G-D,1440.0,306,2024-03-09,2024-05-08
D-D,1440.0,306,2024-05-08,2024-07-07
A-D,2160.0,307,2024-01-06,2024-04-05
D-D,2160.0,307,2024-04-05,2024-07-04
A-D,2160.0,308,2024-01-26,2024-04-25
D-D,2160.0,308,2024-04-25,2024-07-24
A-D,2160.0,309,2024-01-09,2024-04-08
D-D,2160.0,309,2024-04-08,2024-07-07
A-D,2160.0,310,2024-01-12,2024-04-11
D-D,2160.0,310,2024-04-11,2024-07-10
A-D,2160.0,311,2024-01-10,2024-04-09
D-D,2160.0,311,2024-04-09,2024-07-08
A-D,2160.0,312,2024-01-24,2024-04-23
D-D,2160.0,312,2024-04-23,2024-07-22
A-D,2160.0,313,2024-01-14,2024-04-13
D-D,2160.0,313,2024-04-13,2024-07-12
A-D,2160.0,314,2024-01-28,2024-04-27
D-D,2160.0,314,2024-04-27,2024-07-26
A-D,1440.0,315,2024-01-11,2024-03-11
D-B,1440.0,315,2024-03-11,2024-05-10
B-D,1440.0,315,2024-05-10,2024-07-09
A-D,1440.0,316,2024-01-14,2024-03-14
D-B,1440.0,316,2024-03-14,2024-05-13
B-D,1440.0,316,2024-05-13,2024-07-12
A-G,1440.0,317,2024-01-19,2024-03-19
G-D,1440.0,317,2024-03-19,2024-05-18
D-D,1440.0,317,2024-05-18,2024-07-17
A-D,2160.0,318,2024-01-08,2024-04-07
D-D,2160.0,318,2024-04-07,2024-07-06
A-D,2160.0,319,2024-01-25,2024-04-24
D-D,2160.0,319,2024-04-24,2024-07-23
A-D,2160.0,320,2024-01-24,2024-04-23
D-D,2160.0,320,2024-04-23,2024-07-22
A-D,1440.0,321,2024-01-08,2024-03-08
D-B,1440.0,321,2024-03-08,2024-05-07
B-D,1440.0,321,2024-05-07,2024-07-06
A-D,2160.0,322,2024-01-11,2024-04-10
D-D,2160.0,322,2024-04-10,2024-07-09
A-D,2160.0,323,2024-01-22,2024-04-21
D-D,2160.0,323,2024-04-21,2024-07-20
A-D,2160.0,324,2024-01-16,2024-04-15
D-D,2160.0,324,2024-04-15,2024-07-14
A-D,1440.0,325,2024-01-06,2024-03-06
D-E,1440.0,325,2024-03-06,2024-05-05
E-D,1440.0,325,2024-05-05,2024-07-04
A-D,2160.0,326,2024-01-18,2024-04-17
D-D,2160.0,326,2024-04-17,2024-07-16
A-D,2160.0,327,2024-01-19,2024-04-18
D-D,2160.0,327,2024-04-18,2024-07-17
A-D,1440.0,328,2024-01-26,2024-03-26
D-G,1440.0,328,2024-03-26,2024-05-25
G-D,1440.0,328,2024-05-25,2024-07-24
A-D,2160.0,329,2024-01-26,2024-04-25
D-D,2160.0,329,2024-04-25,2024-07-24
A-D,2160.0,330,2024-01-14,2024-04-13
D-D,2160.0,330,2024-04-13,2024-07-12
A-D,2160.0,331,2024-01-21,2024-04-20
D-D,2160.0,331,2024-04-20,2024-07-19
A-D,2160.0,332,2024-01-29,2024-04-28
D-D,2160.0,332,2024-04-28,2024-07-27
A-D,2160.0,333,2024-01-09,2024-04-08
D-D,2160.0,333,2024-04-08,2024-07-07
A-D,2160.0,334,2024-01-29,2024-04-28
D-D,2160.0,334,2024-04-28,2024-07-27
A-G,1440.0,335,2024-01-18,2024-03-18
G-D,1440.0,335,2024-03-18,2024-05-17
D-D,1440.0,335,2024-05-17,2024-07-16
A-D,2160.0,336,2024-01-26,2024-04-25
D-D,2160.0,336,2024-04-25,2024-07-24
A-D,2160.0,337,2024-01-13,2024-04-12
D-D,2160.0,337,2024-04-12,2024-07-11
A-D,2160.0,338,2024-01-18,2024-04-17
D-D,2160.0,338,2024-04-17,2024-07-16
A-D,2160.0,339,2024-01-24,2024-04-23
D-D,2160.0,339,2024-04-23,2024-07-22
A-D,1440.0,340,2024-01-09,2024-03-09
D-E,1440.0,340,2024-03-09,2024-05-08
E-D,1440.0,340,2024-05-08,2024-07-07
A-D,2160.0,341,2024-01-30,2024-04-29
D-D,2160.0,341,2024-04-29,2024-07-28
A-D,2160.0,342,2024-01-21,2024-04-20
D-D,2160.0,342,2024-04-20,2024-07-19
A-D,2160.0,343,2024-01-04,2024-04-03
D-D,2160.0,343,2024-04-03,2024-07-02
A-D,2160.0,344,2024-01-07,2024-04-06
D-D,2160.0,344,2024-04-06,2024-07-05
A-D,2160.0,345,2024-01-12,2024-04-11
D-D,2160.0,345,2024-04-11,2024-07-10
A-D,2160.0,346,2024-01-09,2024-04-08
D-D,2160.0,346,2024-04-08,2024-07-07
A-D,2160.0,347,2024-01-02,2024-04-01
D-D,2160.0,347,2024-04-01,2024-06-30
A-D,1440.0,348,2024-01-20,2024-03-20
D-G,1440.0,348,2024-03-20,2024-05-19
G-D,1440.0,348,2024-05-19,2024-07-18
A-D,2160.0,349,2024-01-05,2024-04-04
D-D,2160.0,349,2024-04-04,2024-07-03
A-D,2160.0,350,2024-01-19,2024-04-18
D-D,2160.0,350,2024-04-18,2024-07-17
A-D,2160.0,351,2024-01-06,2024-04-05
D-D,2160.0,351,2024-04-05,2024-07-04
A-D,2160.0,352,2024-01-26,2024-04-25
D-D,2160.0,352,2024-04-25,2024-07-24
A-D,2160.0,353,2024-01-02,2024-04-01
D-D,2160.0,353,2024-04-01,2024-06-30
A-D,2160.0,354,2024-01-28,2024-04-27
D-D,2160.0,354,2024-04-27,2024-07-26
A-D,2160.0,355,2024-01-07,2024-04-06
D-D,2160.0,355,2024-04-06,2024-07-05
A-D,1440.0,356,2024-01-02,2024-03-02
D-B,1440.0,356,2024-03-02,2024-05-01
B-D,1440.0,356,2024-05-01,2024-06-30
A-E,1440.0,357,2024-01-28,2024-03-28
E-D,1440.0,357,2024-03-28,2024-05-27
D-D,1440.0,357,2024-05-27,2024-07-26
A-G,1440.0,358,2024-01-05,2024-03-05
G-D,1440.0,358,2024-03-05,2024-05-04
D-D,1440.0,358,2024-05-04,2024-07-03
A-D,2160.0,359,2024-01-05,2024-04-04
D-D,2160.0,359,2024-04-04,2024-07-03
A-C,1440.0,360,2024-01-25,2024-03-25
C-D,1440.0,360,2024-03-25,2024-05-24
D-D,1440.0,360,2024-05-24,2024-07-23
A-D,2160.0,361,2024-01-25,2024-04-24
D-D,2160.0,361,2024-04-24,2024-07-23
A-D,2160.0,362,2024-01-22,2024-04-21
D-D,2160.0,362,2024-04-21,2024-07-20
A-D,2160.0,363,2024-01-17,2024-04-16
D-D,2160.0,363,2024-04-16,2024-07-15
A-D,2160.0,364,2024-01-18,2024-04-17
D-D,2160.0,364,2024-04-17,2024-07-16
A-D,1440.0,365,2024-01-19,2024-03-19
D-F,1440.0,365,2024-03-19,2024-05-18
F-D,1440.0,365,2024-05-18,2024-07-17
A-D,2160.0,366,2024-01-04,2024-04-03
D-D,2160.0,366,2024-04-03,2024-07-02
A-E,1440.0,367,2024-01-15,2024-03-15
E-D,1440.0,367,2024-03-15,2024-05-14
D-D,1440.0,367,2024-05-14,2024-07-13
A-D,2160.0,368,2024-01-25,2024-04-24
D-D,2160.0,368,2024-04-24,2024-07-23
A-D,2160.0,369,2024-01-07,2024-04-06
D-D,2160.0,369,2024-04-06,2024-07-05
A-D,2160.0,370,2024-01-21,2024-04-20
D-D,2160.0,370,2024-04-20,2024-07-19
A-D,2160.0,371,2024-01-04,2024-04-03
D-D,2160.0,371,2024-04-03,2024-07-02
A-D,2160.0,372,2024-01-22,2024-04-21
D-D,2160.0,372,2024-04-21,2024-07-20
A-D,2160.0,373,2024-01-04,2024-04-03
D-D,2160.0,373,2024-04-03,2024-07-02
A-D,1440.0,374,2024-01-06,2024-03-06
D-E,1440.0,374,2024-03-06,2024-05-05
E-D,1440.0,374,2024-05-05,2024-07-04
A-D,2160.0,375,2024-01-02,2024-04-01
D-D,2160.0,375,2024-04-01,2024-06-30
A-D,2160.0,376,2024-01-06,2024-04-05
D-D,2160.0,376,2024-04-05,2024-07-04
A-D,2160.0,377,2024-01-30,2024-04-29
D-D,2160.0,377,2024-04-29,2024-07-28
A-D,2160.0,378,2024-01-16,2024-04-15
D-D,2160.0,378,2024-04-15,2024-07-14
A-D,2160.0,379,2024-01-25,2024-04-24
D-D,2160.0,379,2024-04-24,2024-07-23
A-D,1440.0,380,2024-01-30,2024-03-30
D-A,1440.0,380,2024-03-30,2024-05-29
A-D,1440.0,380,2024-05-29,2024-07-28
A-D,2160.0,381,2024-01-03,2024-04-02
D-D,2160.0,381,2024-04-02,2024-07-01
A-E,1440.0,382,2024-01-10,2024-03-10
E-D,1440.0,382,2024-03-10,2024-05-09
D-D,1440.0,382,2024-05-09,2024-07-08
A-D,2160.0,383,2024-01-29,2024-04-28
D-D,2160.0,383,2024-04-28,2024-07-27
A-D,2160.0,384,2024-01-09,2024-04-08
D-D,2160.0,384,2024-04-08,2024-07-07
A-D,2160.0,385,2024-01-24,2024-04-23
D-D,2160.0,385,2024-04-23,2024-07-22
A-D,2160.0,386,2024-01-12,2024-04-11
D-D,2160.0,386,2024-04-11,2024-07-10
A-D,2160.0,387,2024-01-01,2024-03-31
D-D,2160.0,387,2024-03-31,2024-06-29
A-C,1440.0,388,2024-01-30,2024-03-30
C-D,1440.0,388,2024-03-30,2024-05-29
D-D,1440.0,388,2024-05-29,2024-07-28
A-D,2160.0,389,2024-01-04,2024-04-03
D-D,2160.0,389,2024-04-03,2024-07-02
A-D,2160.0,390,2024-01-09,2024-04-08
D-D,2160.0,390,2024-04-08,2024-07-07
A-D,1440.0,391,2024-01-19,2024-03-19
D-A,1440.0,391,2024-03-19,2024-05-18
A-D,1440.0,391,2024-05-18,2024-07-17
A-D,2160.0,392,2024-01-04,2024-04-03
D-D,2160.0,392,2024-04-03,2024-07-02
A-D,2160.0,393,2024-01-04,2024-04-03
D-D,2160.0,393,2024-04-03,2024-07-02
A-D,1440.0,394,2024-01-19,2024-03-19
D-A,1440.0,394,2024-03-19,2024-05-18
A-D,1440.0,394,2024-05-18,2024-07-17
A-D,2160.0,395,2024-01-23,2024-04-22
D-D,2160.0,395,2024-04-22,2024-07-21
A-D,2160.0,396,2024-01-17,2024-04-16
D-D,2160.0,396,2024-04-16,2024-07-15
A-D,2160.0,397,2024-01-03,2024-04-02
D-D,2160.0,397,2024-04-02,2024-07-01
A-C,1440.0,398,2024-01-31,2024-03-31
C-G,1440.0,398,2024-03-31,2024-05-30
G-D,1440.0,398,2024-05-30,2024-07-29
A-D,2160.0,399,2024-01-26,2024-04-25
D-D,2160.0,399,2024-04-25,2024-07-24
A-D,2160.0,400,2024-01-04,2024-04-03
D-D,2160.0,400,2024-04-03,2024-07-02
A-D,2160.0,401,2024-01-24,2024-04-23
D-D,2160.0,401,2024-04-23,2024-07-22
A-D,2160.0,402,2024-01-26,2024-04-25
D-D,2160.0,402,2024-04-25,2024-07-24
A-D,2160.0,403,2024-01-18,2024-04-17
D-D,2160.0,403,2024-04-17,2024-07-16
A-D,2160.0,404,2024-01-22,2024-04-21
D-D,2160.0,404,2024-04-21,2024-07-20
A-D,2160.0,405,2024-01-20,2024-04-19
D-D,2160.0,405,2024-04-19,2024-07-18
A-D,2160.0,406,2024-01-20,2024-04-19
D-D,2160.0,406,2024-04-19,2024-07-18
A-D,2160.0,407,2024-01-25,2024-04-24
D-D,2160.0,407,2024-04-24,2024-07-23
A-D,2160.0,408,2024-01-28,2024-04-27
D-D,2160.0,408,2024-04-27,2024-07-26
A-D,2160.0,409,2024-01-14,2024-04-13
D-D,2160.0,409,2024-04-13,2024-07-12
A-D,2160.0,410,2024-01-08,2024-04-07
D-D,2160.0,410,2024-04-07,2024-07-06
A-D,2160.0,411,2024-01-31,2024-04-30
D-D,2160.0,411,2024-04-30,2024-07-29
A-D,2160.0,412,2024-01-01,2024-03-31
D-D,2160.0,412,2024-03-31,2024-06-29
A-D,2160.0,413,2024-01-06,2024-04-05
D-D,2160.0,413,2024-04-05,2024-07-04
A-D,2160.0,414,2024-01-19,2024-04-18
D-D,2160.0,414,2024-04-18,2024-07-17
A-D,1440.0,415,2024-01-13,2024-03-13
D-F,1440.0,415,2024-03-13,2024-05-12
F-D,1440.0,415,2024-05-12,2024-07-11
A-D,2160.0,416,2024-01-18,2024-04-17
D-D,2160.0,416,2024-04-17,2024-07-16
A-D,2160.0,417,2024-01-08,2024-04-07
D-D,2160.0,417,2024-04-07,2024-07-06
A-D,2160.0,418,2024-01-11,2024-04-10
D-D,2160.0,418,2024-04-10,2024-07-09
A-D,2160.0,419,2024-01-27,2024-04-26
D-D,2160.0,419,2024-04-26,2024-07-25
A-D,2160.0,420,2024-01-09,2024-04-08
D-D,2160.0,420,2024-04-08,2024-07-07
A-F,1440.0,421,2024-01-13,2024-03-13
F-F,1440.0,421,2024-03-13,2024-05-12
F-D,1440.0,421,2024-05-12,2024-07-11
A-D,2160.0,422,2024-01-28,2024-04-27
D-D,2160.0,422,2024-04-27,2024-07-26
A-D,2160.0,423,2024-01-15,2024-04-14
D-D,2160.0,423,2024-04-14,2024-07-13
A-D,2160.0,424,2024-01-25,2024-04-24
D-D,2160.0,424,2024-04-24,2024-07-23
A-D,2160.0,425,2024-01-10,2024-04-09
D-D,2160.0,425,2024-04-09,2024-07-08
A-A,1440.0,426,2024-01-03,2024-03-03
A-D,1440.0,426,2024-03-03,2024-05-02
D-D,1440.0,426,2024-05-02,2024-07-01
A-D,2160.0,427,2024-01-14,2024-04-13
D-D,2160.0,427,2024-04-13,2024-07-12
A-D,2160.0,428,2024-01-13,2024-04-12
D-D,2160.0,428,2024-04-12,2024-07-11
A-D,2160.0,429,2024-01-18,2024-04-17
D-D,2160.0,429,2024-04-17,2024-07-16
A-D,2160.0,430,2024-01-01,2024-03-31
D-D,2160.0,430,2024-03-31,2024-06-29
A-D,1440.0,431,2024-01-07,2024-03-07
D-B,1440.0,431,2024-03-07,2024-05-06
B-D,1440.0,431,2024-05-06,2024-07-05
A-D,2160.0,432,2024-01-23,2024-04-22
D-D,2160.0,432,2024-04-22,2024-07-21
A-D,2160.0,433,2024-01-14,2024-04-13
D-D,2160.0,433,2024-04-13,2024-07-12
A-D,2160.0,434,2024-01-09,2024-04-08
D-D,2160.0,434,2024-04-08,2024-07-07
A-D,2160.0,435,2024-01-08,2024-04-07
D-D,2160.0,435,2024-04-07,2024-07-06
A-D,2160.0,436,2024-01-14,2024-04-13
D-D,2160.0,436,2024-04-13,2024-07-12
A-D,2160.0,437,2024-01-20,2024-04-19
D-D,2160.0,437,2024-04-19,2024-07-18
A-D,2160.0,438,2024-01-06,2024-04-05
D-D,2160.0,438,2024-04-05,2024-07-04
A-D,2160.0,439,2024-01-26,2024-04-25
D-D,2160.0,439,2024-04-25,2024-07-24
A-D,2160.0,440,2024-01-25,2024-04-24
D-D,2160.0,440,2024-04-24,2024-07-23
A-B,1440.0,441,2024-01-01,2024-03-01
B-D,1440.0,441,2024-03-01,2024-04-30
D-D,1440.0,441,2024-04-30,2024-06-29
A-D,2160.0,442,2024-01-28,2024-04-27
D-D,2160.0,442,2024-04-27,2024-07-26
A-D,2160.0,443,2024-01-07,2024-04-06
D-D,2160.0,443,2024-04-06,2024-07-05
A-D,2160.0,444,2024-01-30,2024-04-29
D-D,2160.0,444,2024-04-29,2024-07-28
A-D,2160.0,445,2024-01-13,2024-04-12
D-D,2160.0,445,2024-04-12,2024-07-11
A-D,1440.0,446,2024-01-02,2024-03-02
D-B,1440.0,446,2024-03-02,2024-05-01
B-D,1440.0,446,2024-05-01,2024-06-30
A-D,2160.0,447,2024-01-09,2024-04-08
D-D,2160.0,447,2024-04-08,2024-07-07
A-D,2160.0,448,2024-01-05,2024-04-04
D-D,2160.0,448,2024-04-04,2024-07-03
A-D,2160.0,449,2024-01-07,2024-04-06
D-D,2160.0,449,2024-04-06,2024-07-05
A-D,2160.0,450,2024-01-06,2024-04-05
D-D,2160.0,450,2024-04-05,2024-07-04
A-D,2160.0,451,2024-01-08,2024-04-07
D-D,2160.0,451,2024-04-07,2024-07-06
A-D,2160.0,452,2024-01-24,2024-04-23
D-D,2160.0,452,2024-04-23,2024-07-22
A-D,2160.0,453,2024-01-16,2024-04-15
D-D,2160.0,453,2024-04-15,2024-07-14
A-D,2160.0,454,2024-01-13,2024-04-12
D-D,2160.0,454,2024-04-12,2024-07-11
A-D,2160.0,455,2024-01-09,2024-04-08
D-D,2160.0,455,2024-04-08,2024-07-07
A-C,1440.0,456,2024-01-31,2024-03-31
C-D,1440.0,456,2024-03-31,2024-05-30
D-D,1440.0,456,2024-05-30,2024-07-29
A-D,2160.0,457,2024-01-02,2024-04-01
D-D,2160.0,457,2024-04-01,2024-06-30
A-D,2160.0,458,2024-01-08,2024-04-07
D-D,2160.0,458,2024-04-07,2024-07-06
A-D,2160.0,459,2024-01-14,2024-04-13
D-D,2160.0,459,2024-04-13,2024-07-12
A-D,2160.0,460,2024-01-05,2024-04-04
D-D,2160.0,460,2024-04-04,2024-07-03
A-D,2160.0,461,2024-01-24,2024-04-23
D-D,2160.0,461,2024-04-23,2024-07-22
A-D,1440.0,462,2024-01-18,2024-03-18
D-G,1440.0,462,2024-03-18,2024-05-17
G-D,1440.0,462,2024-05-17,2024-07-16
A-D,2160.0,463,2024-01-20,2024-04-19
D-D,2160.0,463,2024-04-19,2024-07-18
A-D,2160.0,464,2024-01-07,2024-04-06
D-D,2160.0,464,2024-04-06,2024-07-05
A-D,2160.0,465,2024-01-07,2024-04-06
D-D,2160.0,465,2024-04-06,2024-07-05
A-D,2160.0,466,2024-01-28,2024-04-27
D-D,2160.0,466,2024-04-27,2024-07-26
A-D,2160.0,467,2024-01-24,2024-04-23
D-D,2160.0,467,2024-04-23,2024-07-22
A-D,1440.0,468,2024-01-27,2024-03-27
D-D,1440.0,468,2024-03-27,2024-05-26
D-D,1440.0,468,2024-05-26,2024-07-25
A-D,2160.0,469,2024-01-11,2024-04-10
D-D,2160.0,469,2024-04-10,2024-07-09
A-D,2160.0,470,2024-01-10,2024-04-09
D-D,2160.0,470,2024-04-09,2024-07-08
A-D,1440.0,471,2024-01-27,2024-03-27
D-G,1440.0,471,2024-03-27,2024-05-26
G-D,1440.0,471,2024-05-26,2024-07-25
A-D,2160.0,472,2024-01-14,2024-04-13
D-D,2160.0,472,2024-04-13,2024-07-12
A-D,2160.0,473,2024-01-31,2024-04-30
D-D,2160.0,473,2024-04-30,2024-07-29
A-D,2160.0,474,2024-01-23,2024-04-22
D-D,2160.0,474,2024-04-22,2024-07-21
A-F,1440.0,475,2024-01-01,2024-03-01
F-F,1440.0,475,2024-03-01,2024-04-30
F-D,1440.0,475,2024-04-30,2024-06-29
A-D,1440.0,476,2024-01-25,2024-03-25
D-E,1440.0,476,2024-03-25,2024-05-24
E-D,1440.0,476,2024-05-24,2024-07-23
A-D,2160.0,477,2024-01-30,2024-04-29
D-D,2160.0,477,2024-04-29,2024-07-28
A-G,1440.0,478,2024-01-20,2024-03-20
G-D,1440.0,478,2024-03-20,2024-05-19
D-D,1440.0,478,2024-05-19,2024-07-18
A-D,2160.0,479,2024-01-02,2024-04-01
D-D,2160.0,479,2024-04-01,2024-06-30
A-D,2160.0,480,2024-01-08,2024-04-07
D-D,2160.0,480,2024-04-07,2024-07-06
A-D,2160.0,481,2024-01-19,2024-04-18
D-D,2160.0,481,2024-04-18,2024-07-17
A-D,2160.0,482,2024-01-28,2024-04-27
D-D,2160.0,482,2024-04-27,2024-07-26
A-D,2160.0,483,2024-01-20,2024-04-19
D-D,2160.0,483,2024-04-19,2024-07-18
A-C,1440.0,484,2024-01-29,2024-03-29
C-A,1440.0,484,2024-03-29,2024-05-28
A-D,1440.0,484,2024-05-28,2024-07-27
A-D,2160.0,485,2024-01-24,2024-04-23
D-D,2160.0,485,2024-04-23,2024-07-22
A-D,2160.0,486,2024-01-09,2024-04-08
D-D,2160.0,486,2024-04-08,2024-07-07
A-D,2160.0,487,2024-01-07,2024-04-06
D-D,2160.0,487,2024-04-06,2024-07-05
A-D,2160.0,488,2024-01-04,2024-04-03
D-D,2160.0,488,2024-04-03,2024-07-02
A-D,2160.0,489,2024-01-20,2024-04-19
D-D,2160.0,489,2024-04-19,2024-07-18
A-D,2160.0,490,2024-01-20,2024-04-19
D-D,2160.0,490,2024-04-19,2024-07-18
A-D,1440.0,491,2024-01-11,2024-03-11
D-F,1440.0,491,2024-03-11,2024-05-10
F-D,1440.0,491,2024-05-10,2024-07-09
A-D,2160.0,492,2024-01-05,2024-04-04
D-D,2160.0,492,2024-04-04,2024-07-03
A-D,2160.0,493,2024-01-04,2024-04-03
D-D,2160.0,493,2024-04-03,2024-07-02
A-D,2160.0,494,2024-01-02,2024-04-01
D-D,2160.0,494,2024-04-01,2024-06-30
A-D,2160.0,495,2024-01-13,2024-04-12
D-D,2160.0,495,2024-04-12,2024-07-11
A-D,1440.0,496,2024-01-21,2024-03-21
D-B,1440.0,496,2024-03-21,2024-05-20
B-D,1440.0,496,2024-05-20,2024-07-19
A-D,2160.0,497,2024-01-26,2024-04-25
D-D,2160.0,497,2024-04-25,2024-07-24
A-D,2160.0,498,2024-01-19,2024-04-18
D-D,2160.0,498,2024-04-18,2024-07-17
A-D,2160.0,499,2024-01-24,2024-04-23
D-D,2160.0,499,2024-04-23,2024-07-22
A-D,2160.0,500,2024-01-01,2024-03-31
D-D,2160.0,500,2024-03-31,2024-06-29
A-D,2160.0,501,2024-01-27,2024-04-26
D-D,2160.0,501,2024-04-26,2024-07-25
A-D,2160.0,502,2024-01-15,2024-04-14
D-D,2160.0,502,2024-04-14,2024-07-13
A-D,1440.0,503,2024-01-27,2024-03-27
D-E,1440.0,503,2024-03-27,2024-05-26
E-D,1440.0,503,2024-05-26,2024-07-25
A-D,2160.0,504,2024-01-29,2024-04-28
D-D,2160.0,504,2024-04-28,2024-07-27
A-D,2160.0,505,2024-01-10,2024-04-09
D-D,2160.0,505,2024-04-09,2024-07-08
A-D,2160.0,506,2024-01-29,2024-04-28
D-D,2160.0,506,2024-04-28,2024-07-27
A-D,2160.0,507,2024-01-13,2024-04-12
D-D,2160.0,507,2024-04-12,2024-07-11
A-D,2160.0,508,2024-01-11,2024-04-10
D-D,2160.0,508,2024-04-10,2024-07-09
A-D,2160.0,509,2024-01-02,2024-04-01
D-D,2160.0,509,2024-04-01,2024-06-30
A-D,2160.0,510,2024-01-28,2024-04-27
D-D,2160.0,510,2024-04-27,2024-07-26
A-D,2160.0,511,2024-01-17,2024-04-16
D-D,2160.0,511,2024-04-16,2024-07-15
A-D,2160.0,512,2024-01-11,2024-04-10
D-D,2160.0,512,2024-04-10,2024-07-09
A-D,2160.0,513,2024-01-29,2024-04-28
D-D,2160.0,513,2024-04-28,2024-07-27
A-D,2160.0,514,2024-01-02,2024-04-01
D-D,2160.0,514,2024-04-01,2024-06-30
A-D,2160.0,515,2024-01-03,2024-04-02
D-D,2160.0,515,2024-04-02,2024-07-01
A-D,2160.0,516,2024-01-21,2024-04-20
D-D,2160.0,516,2024-04-20,2024-07-19
A-D,2160.0,517,2024-01-31,2024-04-30
D-D,2160.0,517,2024-04-30,2024-07-29
A-D,2160.0,518,2024-01-24,2024-04-23
D-D,2160.0,518,2024-04-23,2024-07-22
A-D,2160.0,519,2024-01-30,2024-04-29
D-D,2160.0,519,2024-04-29,2024-07-28
A-D,2160.0,520,2024-01-30,2024-04-29
D-D,2160.0,520,2024-04-29,2024-07-28
A-D,2160.0,521,2024-01-14,2024-04-13
D-D,2160.0,521,2024-04-13,2024-07-12
A-D,2160.0,522,2024-01-02,2024-04-01
D-D,2160.0,522,2024-04-01,2024-06-30
A-D,2160.0,523,2024-01-22,2024-04-21
D-D,2160.0,523,2024-04-21,2024-07-20
A-D,2160.0,524,2024-01-31,2024-04-30
D-D,2160.0,524,2024-04-30,2024-07-29
A-D,2160.0,525,2024-01-06,2024-04-05
D-D,2160.0,525,2024-04-05,2024-07-04
A-D,2160.0,526,2024-01-14,2024-04-13
D-D,2160.0,526,2024-04-13,2024-07-12
A-D,2160.0,527,2024-01-25,2024-04-24
D-D,2160.0,527,2024-04-24,2024-07-23
A-D,2160.0,528,2024-01-02,2024-04-01
D-D,2160.0,528,2024-04-01,2024-06-30
A-D,2160.0,529,2024-01-11,2024-04-10
D-D,2160.0,529,2024-04-10,2024-07-09
A-D,2160.0,530,2024-01-25,2024-04-24
D-D,2160.0,530,2024-04-24,2024-07-23
A-A,1440.0,531,2024-01-14,2024-03-14
A-D,1440.0,531,2024-03-14,2024-05-13
D-D,1440.0,531,2024-05-13,2024-07-12
A-D,1440.0,532,2024-01-22,2024-03-22
D-D,1440.0,532,2024-03-22,2024-05-21
D-D,1440.0,532,2024-05-21,2024-07-20
A-D,2160.0,533,2024-01-08,2024-04-07
D-D,2160.0,533,2024-04-07,2024-07-06
A-D,2160.0,534,2024-01-21,2024-04-20
D-D,2160.0,534,2024-04-20,2024-07-19
A-D,2160.0,535,2024-01-24,2024-04-23
D-D,2160.0,535,2024-04-23,2024-07-22
A-D,2160.0,536,2024-01-05,2024-04-04
D-D,2160.0,536,2024-04-04,2024-07-03
A-D,2160.0,537,2024-01-07,2024-04-06
D-D,2160.0,537,2024-04-06,2024-07-05
A-D,2160.0,538,2024-01-23,2024-04-22
D-D,2160.0,538,2024-04-22,2024-07-21
A-D,1440.0,539,2024-01-07,2024-03-07
D-B,1440.0,539,2024-03-07,2024-05-06
B-D,1440.0,539,2024-05-06,2024-07-05
A-D,2160.0,540,2024-01-28,2024-04-27
D-D,2160.0,540,2024-04-27,2024-07-26
A-D,2160.0,541,2024-01-13,2024-04-12
D-D,2160.0,541,2024-04-12,2024-07-11
A-D,2160.0,542,2024-01-16,2024-04-15
D-D,2160.0,542,2024-04-15,2024-07-14
A-D,2160.0,543,2024-01-17,2024-04-16
D-D,2160.0,543,2024-04-16,2024-07-15
A-D,2160.0,544,2024-01-12,2024-04-11
D-D,2160.0,544,2024-04-11,2024-07-10
A-D,2160.0,545,2024-01-14,2024-04-13
D-D,2160.0,545,2024-04-13,2024-07-12
A-D,2160.0,546,2024-01-19,2024-04-18
D-D,2160.0,546,2024-04-18,2024-07-17
A-D,2160.0,547,2024-01-05,2024-04-04
D-D,2160.0,547,2024-04-04,2024-07-03
A-E,1440.0,548,2024-01-11,2024-03-11
E-F,1440.0,548,2024-03-11,2024-05-10
F-D,1440.0,548,2024-05-10,2024-07-09
A-D,2160.0,549,2024-01-31,2024-04-30
D-D,2160.0,549,2024-04-30,2024-07-29
A-D,2160.0,550,2024-01-04,2024-04-03
D-D,2160.0,550,2024-04-03,2024-07-02
A-D,2160.0,551,2024-01-25,2024-04-24
D-D,2160.0,551,2024-04-24,2024-07-23
A-D,2160.0,552,2024-01-07,2024-04-06
D-D,2160.0,552,2024-04-06,2024-07-05
A-D,2160.0,553,2024-01-16,2024-04-15
D-D,2160.0,553,2024-04-15,2024-07-14
A-D,2160.0,554,2024-01-20,2024-04-19
D-D,2160.0,554,2024-04-19,2024-07-18
A-D,2160.0,555,2024-01-24,2024-04-23
D-D,2160.0,555,2024-04-23,2024-07-22
A-D,2160.0,556,2024-01-11,2024-04-10
D-D,2160.0,556,2024-04-10,2024-07-09
A-D,2160.0,557,2024-01-22,2024-04-21
D-D,2160.0,557,2024-04-21,2024-07-20
A-D,2160.0,558,2024-01-26,2024-04-25
D-D,2160.0,558,2024-04-25,2024-07-24
A-D,2160.0,559,2024-01-20,2024-04-19
D-D,2160.0,559,2024-04-19,2024-07-18
A-D,2160.0,560,2024-01-13,2024-04-12
D-D,2160.0,560,2024-04-12,2024-07-11
A-D,2160.0,561,2024-01-06,2024-04-05
D-D,2160.0,561,2024-04-05,2024-07-04
A-F,1440.0,562,2024-01-12,2024-03-12
F-D,1440.0,562,2024-03-12,2024-05-11
D-D,1440.0,562,2024-05-11,2024-07-10
A-D,2160.0,563,2024-01-09,2024-04-08
D-D,2160.0,563,2024-04-08,2024-07-07
A-D,2160.0,564,2024-01-25,2024-04-24
D-D,2160.0,564,2024-04-24,2024-07-23
A-D,2160.0,565,2024-01-16,2024-04-15
D-D,2160.0,565,2024-04-15,2024-07-14
A-D,2160.0,566,2024-01-12,2024-04-11
D-D,2160.0,566,2024-04-11,2024-07-10
A-D,2160.0,567,2024-01-10,2024-04-09
D-D,2160.0,567,2024-04-09,2024-07-08
A-D,2160.0,568,2024-01-03,2024-04-02
D-D,2160.0,568,2024-04-02,2024-07-01
A-D,2160.0,569,2024-01-20,2024-04-19
D-D,2160.0,569,2024-04-19,2024-07-18
A-D,1440.0,570,2024-01-31,2024-03-31
D-B,1440.0,570,2024-03-31,2024-05-30
B-D,1440.0,570,2024-05-30,2024-07-29
A-D,2160.0,571,2024-01-13,2024-04-12
D-D,2160.0,571,2024-04-12,2024-07-11
A-D,2160.0,572,2024-01-22,2024-04-21
D-D,2160.0,572,2024-04-21,2024-07-20
A-F,1440.0,573,2024-01-10,2024-03-10
F-D,1440.0,573,2024-03-10,2024-05-09
D-D,1440.0,573,2024-05-09,2024-07-08
A-D,2160.0,574,2024-01-19,2024-04-18
D-D,2160.0,574,2024-04-18,2024-07-17
A-D,2160.0,575,2024-01-23,2024-04-22
D-D,2160.0,575,2024-04-22,2024-07-21
A-D,2160.0,576,2024-01-12,2024-04-11
D-D,2160.0,576,2024-04-11,2024-07-10
A-D,2160.0,577,2024-01-29,2024-04-28
D-D,2160.0,577,2024-04-28,2024-07-27
A-D,2160.0,578,2024-01-28,2024-04-27
D-D,2160.0,578,2024-04-27,2024-07-26
A-D,2160.0,579,2024-01-03,2024-04-02
D-D,2160.0,579,2024-04-02,2024-07-01
A-D,1440.0,580,2024-01-29,2024-03-29
D-E,1440.0,580,2024-03-29,2024-05-28
E-D,1440.0,580,2024-05-28,2024-07-27
A-D,1440.0,581,2024-01-02,2024-03-02
D-E,1440.0,581,2024-03-02,2024-05-01
E-D,1440.0,581,2024-05-01,2024-06-30
A-D,2160.0,582,2024-01-30,2024-04-29
D-D,2160.0,582,2024-04-29,2024-07-28
A-D,1440.0,583,2024-01-29,2024-03-29
D-D,1440.0,583,2024-03-29,2024-05-28
D-D,1440.0,583,2024-05-28,2024-07-27
A-D,2160.0,584,2024-01-13,2024-04-12
D-D,2160.0,584,2024-04-12,2024-07-11
A-D,2160.0,585,2024-01-07,2024-04-06
D-D,2160.0,585,2024-04-06,2024-07-05
A-D,2160.0,586,2024-01-16,2024-04-15
D-D,2160.0,586,2024-04-15,2024-07-14
A-D,2160.0,587,2024-01-26,2024-04-25
D-D,2160.0,587,2024-04-25,2024-07-24
A-D,2160.0,588,2024-01-31,2024-04-30
D-D,2160.0,588,2024-04-30,2024-07-29
A-D,2160.0,589,2024-01-30,2024-04-29
D-D,2160.0,589,2024-04-29,2024-07-28
A-D,1440.0,590,2024-01-21,2024-03-21
D-E,1440.0,590,2024-03-21,2024-05-20
E-D,1440.0,590,2024-05-20,2024-07-19
A-G,1440.0,591,2024-01-02,2024-03-02
G-D,1440.0,591,2024-03-02,2024-05-01
D-D,1440.0,591,2024-05-01,2024-06-30
A-A,1440.0,592,2024-01-20,2024-03-20
A-D,1440.0,592,2024-03-20,2024-05-19
D-D,1440.0,592,2024-05-19,2024-07-18
A-D,2160.0,593,2024-01-29,2024-04-28
D-D,2160.0,593,2024-04-28,2024-07-27
A-D,2160.0,594,2024-01-13,2024-04-12
D-D,2160.0,594,2024-04-12,2024-07-11
A-C,1440.0,595,2024-01-31,2024-03-31
C-D,1440.0,595,2024-03-31,2024-05-30
D-D,1440.0,595,2024-05-30,2024-07-29
A-D,2160.0,596,2024-01-29,2024-04-28
D-D,2160.0,596,2024-04-28,2024-07-27
A-D,2160.0,597,2024-01-23,2024-04-22
D-D,2160.0,597,2024-04-22,2024-07-21
A-A,1440.0,598,2024-01-05,2024-03-05
A-D,1440.0,598,2024-03-05,2024-05-04
D-D,1440.0,598,2024-05-04,2024-07-03
A-B,1440.0,599,2024-01-04,2024-03-04
B-D,1440.0,599,2024-03-04,2024-05-03
D-D,1440.0,599,2024-05-03,2024-07-02
A-F,1440.0,600,2024-01-25,2024-03-25
F-D,1440.0,600,2024-03-25,2024-05-24
D-D,1440.0,600,2024-05-24,2024-07-23
A-D,2160.0,601,2024-01-02,2024-04-01
D-D,2160.0,601,2024-04-01,2024-06-30
A-D,2160.0,602,2024-01-07,2024-04-06
D-D,2160.0,602,2024-04-06,2024-07-05
A-D,2160.0,603,2024-01-27,2024-04-26
D-D,2160.0,603,2024-04-26,2024-07-25
A-D,2160.0,604,2024-01-15,2024-04-14
D-D,2160.0,604,2024-04-14,2024-07-13
A-D,2160.0,605,2024-01-04,2024-04-03
D-D,2160.0,605,2024-04-03,2024-07-02
A-D,2160.0,606,2024-01-02,2024-04-01
D-D,2160.0,606,2024-04-01,2024-06-30
A-F,1440.0,607,2024-01-19,2024-03-19
F-B,1440.0,607,2024-03-19,2024-05-18
B-D,1440.0,607,2024-05-18,2024-07-17
A-D,2160.0,608,2024-01-01,2024-03-31
D-D,2160.0,608,2024-03-31,2024-06-29
A-D,2160.0,609,2024-01-03,2024-04-02
D-D,2160.0,609,2024-04-02,2024-07-01
A-D,2160.0,610,2024-01-31,2024-04-30
D-D,2160.0,610,2024-04-30,2024-07-29
A-D,2160.0,611,2024-01-12,2024-04-11
D-D,2160.0,611,2024-04-11,2024-07-10
A-D,2160.0,612,2024-01-01,2024-03-31
D-D,2160.0,612,2024-03-31,2024-06-29
A-D,2160.0,613,2024-01-12,2024-04-11
D-D,2160.0,613,2024-04-11,2024-07-10
A-D,2160.0,614,2024-01-24,2024-04-23
D-D,2160.0,614,2024-04-23,2024-07-22
A-D,2160.0,615,2024-01-01,2024-03-31
D-D,2160.0,615,2024-03-31,2024-06-29
A-D,2160.0,616,2024-01-22,2024-04-21
D-D,2160.0,616,2024-04-21,2024-07-20
A-D,2160.0,617,2024-01-06,2024-04-05
D-D,2160.0,617,2024-04-05,2024-07-04
A-D,1440.0,618,2024-01-27,2024-03-27
D-A,1440.0,618,2024-03-27,2024-05-26
A-D,1440.0,618,2024-05-26,2024-07-25
A-D,2160.0,619,2024-01-05,2024-04-04
D-D,2160.0,619,2024-04-04,2024-07-03
A-A,1440.0,620,2024-01-07,2024-03-07
A-A,1440.0,620,2024-03-07,2024-05-06
A-D,1440.0,620,2024-05-06,2024-07-05
A-D,2160.0,621,2024-01-26,2024-04-25
D-D,2160.0,621,2024-04-25,2024-07-24
A-D,1440.0,622,2024-01-24,2024-03-24
D-E,1440.0,622,2024-03-24,2024-05-23
E-D,1440.0,622,2024-05-23,2024-07-22
A-D,2160.0,623,2024-01-30,2024-04-29
D-D,2160.0,623,2024-04-29,2024-07-28
A-D,2160.0,624,2024-01-28,2024-04-27
D-D,2160.0,624,2024-04-27,2024-07-26
A-D,1440.0,625,2024-01-09,2024-03-09
D-G,1440.0,625,2024-03-09,2024-05-08
G-D,1440.0,625,2024-05-08,2024-07-07
A-D,1440.0,626,2024-01-07,2024-03-07
D-D,1440.0,626,2024-03-07,2024-05-06
D-D,1440.0,626,2024-05-06,2024-07-05
A-D,2160.0,627,2024-01-23,2024-04-22
D-D,2160.0,627,2024-04-22,2024-07-21
A-D,2160.0,628,2024-01-09,2024-04-08
D-D,2160.0,628,2024-04-08,2024-07-07
A-D,2160.0,629,2024-01-14,2024-04-13
D-D,2160.0,629,2024-04-13,2024-07-12
A-D,1440.0,630,2024-01-11,2024-03-11
D-G,1440.0,630,2024-03-11,2024-05-10
G-D,1440.0,630,2024-05-10,2024-07-09
A-D,2160.0,631,2024-01-31,2024-04-30
D-D,2160.0,631,2024-04-30,2024-07-29
A-D,2160.0,632,2024-01-21,2024-04-20
D-D,2160.0,632,2024-04-20,2024-07-19
A-D,2160.0,633,2024-01-19,2024-04-18
D-D,2160.0,633,2024-04-18,2024-07-17
A-D,2160.0,634,2024-01-29,2024-04-28
D-D,2160.0,634,2024-04-28,2024-07-27
A-D,2160.0,635,2024-01-23,2024-04-22
D-D,2160.0,635,2024-04-22,2024-07-21
A-D,2160.0,636,2024-01-24,2024-04-23
D-D,2160.0,636,2024-04-23,2024-07-22
A-D,2160.0,637,2024-01-21,2024-04-20
D-D,2160.0,637,2024-04-20,2024-07-19
A-D,2160.0,638,2024-01-02,2024-04-01
D-D,2160.0,638,2024-04-01,2024-06-30
A-C,1440.0,639,2024-01-27,2024-03-27
C-D,1440.0,639,2024-03-27,2024-05-26
D-D,1440.0,639,2024-05-26,2024-07-25
A-D,2160.0,640,2024-01-17,2024-04-16
D-D,2160.0,640,2024-04-16,2024-07-15
A-D,2160.0,641,2024-01-18,2024-04-17
D-D,2160.0,641,2024-04-17,2024-07-16
A-D,2160.0,642,2024-01-13,2024-04-12
D-D,2160.0,642,2024-04-12,2024-07-11
A-D,2160.0,643,2024-01-08,2024-04-07
D-D,2160.0,643,2024-04-07,2024-07-06
A-D,2160.0,644,2024-01-13,2024-04-12
D-D,2160.0,644,2024-04-12,2024-07-11
A-D,2160.0,645,2024-01-24,2024-04-23
D-D,2160.0,645,2024-04-23,2024-07-22
A-D,2160.0,646,2024-01-23,2024-04-22
D-D,2160.0,646,2024-04-22,2024-07-21
A-D,2160.0,647,2024-01-19,2024-04-18
D-D,2160.0,647,2024-04-18,2024-07-17
A-D,2160.0,648,2024-01-12,2024-04-11
D-D,2160.0,648,2024-04-11,2024-07-10
A-D,2160.0,649,2024-01-21,2024-04-20
D-D,2160.0,649,2024-04-20,2024-07-19
A-D,1440.0,650,2024-01-02,2024-03-02
D-A,1440.0,650,2024-03-02,2024-05-01
A-D,1440.0,650,2024-05-01,2024-06-30
A-D,2160.0,651,2024-01-29,2024-04-28
D-D,2160.0,651,2024-04-28,2024-07-27
A-D,2160.0,652,2024-01-12,2024-04-11
D-D,2160.0,652,2024-04-11,2024-07-10
A-D,2160.0,653,2024-01-17,2024-04-16
D-D,2160.0,653,2024-04-16,2024-07-15
A-D,1440.0,654,2024-01-20,2024-03-20
D-D,1440.0,654,2024-03-20,2024-05-19
D-D,1440.0,654,2024-05-19,2024-07-18
A-D,1440.0,655,2024-01-25,2024-03-25
D-D,1440.0,655,2024-03-25,2024-05-24
D-D,1440.0,655,2024-05-24,2024-07-23
A-D,2160.0,656,2024-01-26,2024-04-25
D-D,2160.0,656,2024-04-25,2024-07-24
A-D,2160.0,657,2024-01-02,2024-04-01
D-D,2160.0,657,2024-04-01,2024-06-30
A-D,2160.0,658,2024-01-09,2024-04-08
D-D,2160.0,658,2024-04-08,2024-07-07
A-D,2160.0,659,2024-01-30,2024-04-29
D-D,2160.0,659,2024-04-29,2024-07-28
A-D,1440.0,660,2024-01-01,2024-03-01
D-F,1440.0,660,2024-03-01,2024-04-30
F-D,1440.0,660,2024-04-30,2024-06-29
A-D,2160.0,661,2024-01-05,2024-04-04
D-D,2160.0,661,2024-04-04,2024-07-03
A-D,2160.0,662,2024-01-03,2024-04-02
D-D,2160.0,662,2024-04-02,2024-07-01
A-D,2160.0,663,2024-01-14,2024-04-13
D-D,2160.0,663,2024-04-13,2024-07-12
A-F,1440.0,664,2024-01-29,2024-03-29
F-D,1440.0,664,2024-03-29,2024-05-28
D-D,1440.0,664,2024-05-28,2024-07-27
A-D,2160.0,665,2024-01-26,2024-04-25
D-D,2160.0,665,2024-04-25,2024-07-24
A-D,2160.0,666,2024-01-07,2024-04-06
D-D,2160.0,666,2024-04-06,2024-07-05
A-A,1440.0,667,2024-01-29,2024-03-29
A-D,1440.0,667,2024-03-29,2024-05-28
D-D,1440.0,667,2024-05-28,2024-07-27
A-D,2160.0,668,2024-01-02,2024-04-01
D-D,2160.0,668,2024-04-01,2024-06-30
A-G,1440.0,669,2024-01-12,2024-03-12
G-D,1440.0,669,2024-03-12,2024-05-11
D-D,1440.0,669,2024-05-11,2024-07-10
A-D,2160.0,670,2024-01-16,2024-04-15
D-D,2160.0,670,2024-04-15,2024-07-14
A-D,2160.0,671,2024-01-31,2024-04-30
D-D,2160.0,671,2024-04-30,2024-07-29
A-D,2160.0,672,2024-01-20,2024-04-19
D-D,2160.0,672,2024-04-19,2024-07-18
A-D,2160.0,673,2024-01-24,2024-04-23
D-D,2160.0,673,2024-04-23,2024-07-22
A-D,2160.0,674,2024-01-27,2024-04-26
D-D,2160.0,674,2024-04-26,2024-07-25
A-D,2160.0,675,2024-01-12,2024-04-11
D-D,2160.0,675,2024-04-11,2024-07-10
A-D,2160.0,676,2024-01-22,2024-04-21
D-D,2160.0,676,2024-04-21,2024-07-20
A-D,2160.0,677,2024-01-02,2024-04-01
D-D,2160.0,677,2024-04-01,2024-06-30
A-D,2160.0,678,2024-01-13,2024-04-12
D-D,2160.0,678,2024-04-12,2024-07-11
A-D,2160.0,679,2024-01-16,2024-04-15
D-D,2160.0,679,2024-04-15,2024-07-14
A-D,2160.0,680,2024-01-16,2024-04-15
D-D,2160.0,680,2024-04-15,2024-07-14
A-G,1440.0,681,2024-01-09,2024-03-09
G-F,1440.0,681,2024-03-09,2024-05-08
F-D,1440.0,681,2024-05-08,2024-07-07
A-D,2160.0,682,2024-01-25,2024-04-24
D-D,2160.0,682,2024-04-24,2024-07-23
A-G,1440.0,683,2024-01-11,2024-03-11
G-D,1440.0,683,2024-03-11,2024-05-10
D-D,1440.0,683,2024-05-10,2024-07-09
A-G,1440.0,684,2024-01-07,2024-03-07
G-D,1440.0,684,2024-03-07,2024-05-06
D-D,1440.0,684,2024-05-06,2024-07-05
A-D,2160.0,685,2024-01-22,2024-04-21
D-D,2160.0,685,2024-04-21,2024-07-20
A-A,1440.0,686,2024-01-21,2024-03-21
A-D,1440.0,686,2024-03-21,2024-05-20
D-D,1440.0,686,2024-05-20,2024-07-19
A-D,2160.0,687,2024-01-11,2024-04-10
D-D,2160.0,687,2024-04-10,2024-07-09
A-C,1440.0,688,2024-01-25,2024-03-25
C-D,1440.0,688,2024-03-25,2024-05-24
D-D,1440.0,688,2024-05-24,2024-07-23
A-D,2160.0,689,2024-01-31,2024-04-30
D-D,2160.0,689,2024-04-30,2024-07-29
A-D,2160.0,690,2024-01-08,2024-04-07
D-D,2160.0,690,2024-04-07,2024-07-06
A-D,2160.0,691,2024-01-06,2024-04-05
D-D,2160.0,691,2024-04-05,2024-07-04
A-D,2160.0,692,2024-01-22,2024-04-21
D-D,2160.0,692,2024-04-21,2024-07-20
A-D,2160.0,693,2024-01-25,2024-04-24
D-D,2160.0,693,2024-04-24,2024-07-23
A-D,2160.0,694,2024-01-13,2024-04-12
D-D,2160.0,694,2024-04-12,2024-07-11
A-D,2160.0,695,2024-01-27,2024-04-26
D-D,2160.0,695,2024-04-26,2024-07-25
A-D,2160.0,696,2024-01-24,2024-04-23
D-D,2160.0,696,2024-04-23,2024-07-22
A-D,2160.0,697,2024-01-01,2024-03-31
D-D,2160.0,697,2024-03-31,2024-06-29
A-D,2160.0,698,2024-01-26,2024-04-25
D-D,2160.0,698,2024-04-25,2024-07-24
A-D,2160.0,699,2024-01-23,2024-04-22
D-D,2160.0,699,2024-04-22,2024-07-21
A-D,2160.0,700,2024-01-04,2024-04-03
D-D,2160.0,700,2024-04-03,2024-07-02
A-D,2160.0,701,2024-01-07,2024-04-06
D-D,2160.0,701,2024-04-06,2024-07-05
A-D,2160.0,702,2024-01-08,2024-04-07
D-D,2160.0,702,2024-04-07,2024-07-06
A-D,2160.0,703,2024-01-20,2024-04-19
D-D,2160.0,703,2024-04-19,2024-07-18
A-D,2160.0,704,2024-01-20,2024-04-19
D-D,2160.0,704,2024-04-19,2024-07-18
A-D,2160.0,705,2024-01-16,2024-04-15
D-D,2160.0,705,2024-04-15,2024-07-14
A-D,2160.0,706,2024-01-18,2024-04-17
D-D,2160.0,706,2024-04-17,2024-07-16
A-D,2160.0,707,2024-01-20,2024-04-19
D-D,2160.0,707,2024-04-19,2024-07-18
A-D,2160.0,708,2024-01-23,2024-04-22
D-D,2160.0,708,2024-04-22,2024-07-21
A-D,2160.0,709,2024-01-31,2024-04-30
D-D,2160.0,709,2024-04-30,2024-07-29
A-D,2160.0,710,2024-01-05,2024-04-04
D-D,2160.0,710,2024-04-04,2024-07-03
A-D,2160.0,711,2024-01-29,2024-04-28
D-D,2160.0,711,2024-04-28,2024-07-27
A-D,1440.0,712,2024-01-16,2024-03-16
D-D,1440.0,712,2024-03-16,2024-05-15
D-D,1440.0,712,2024-05-15,2024-07-14
A-D,2160.0,713,2024-01-07,2024-04-06
D-D,2160.0,713,2024-04-06,2024-07-05
A-D,2160.0,714,2024-01-19,2024-04-18
D-D,2160.0,714,2024-04-18,2024-07-17
A-D,1440.0,715,2024-01-25,2024-03-25
D-E,1440.0,715,2024-03-25,2024-05-24
E-D,1440.0,715,2024-05-24,2024-07-23
A-D,1440.0,716,2024-01-26,2024-03-26
D-C,1440.0,716,2024-03-26,2024-05-25
C-D,1440.0,716,2024-05-25,2024-07-24
A-D,2160.0,717,2024-01-08,2024-04-07
D-D,2160.0,717,2024-04-07,2024-07-06
A-D,2160.0,718,2024-01-24,2024-04-23
D-D,2160.0,718,2024-04-23,2024-07-22
A-D,2160.0,719,2024-01-10,2024-04-09
D-D,2160.0,719,2024-04-09,2024-07-08
A-D,2160.0,720,2024-01-09,2024-04-08
D-D,2160.0,720,2024-04-08,2024-07-07
A-F,1440.0,721,2024-01-11,2024-03-11
F-D,1440.0,721,2024-03-11,2024-05-10
D-D,1440.0,721,2024-05-10,2024-07-09
A-D,2160.0,722,2024-01-11,2024-04-10
D-D,2160.0,722,2024-04-10,2024-07-09
A-D,2160.0,723,2024-01-14,2024-04-13
D-D,2160.0,723,2024-04-13,2024-07-12
A-D,2160.0,724,2024-01-26,2024-04-25
D-D,2160.0,724,2024-04-25,2024-07-24
A-D,2160.0,725,2024-01-31,2024-04-30
D-D,2160.0,725,2024-04-30,2024-07-29
A-D,2160.0,726,2024-01-22,2024-04-21
D-D,2160.0,726,2024-04-21,2024-07-20
A-B,1440.0,727,2024-01-26,2024-03-26
B-B,1440.0,727,2024-03-26,2024-05-25
B-D,1440.0,727,2024-05-25,2024-07-24
A-D,2160.0,728,2024-01-13,2024-04-12
D-D,2160.0,728,2024-04-12,2024-07-11
A-D,2160.0,729,2024-01-14,2024-04-13
D-D,2160.0,729,2024-04-13,2024-07-12
A-D,2160.0,730,2024-01-05,2024-04-04
D-D,2160.0,730,2024-04-04,2024-07-03
A-D,2160.0,731,2024-01-07,2024-04-06
D-D,2160.0,731,2024-04-06,2024-07-05
A-D,2160.0,732,2024-01-22,2024-04-21
D-D,2160.0,732,2024-04-21,2024-07-20
A-D,2160.0,733,2024-01-05,2024-04-04
D-D,2160.0,733,2024-04-04,2024-07-03
A-D,2160.0,734,2024-01-21,2024-04-20
D-D,2160.0,734,2024-04-20,2024-07-19
A-D,2160.0,735,2024-01-01,2024-03-31
D-D,2160.0,735,2024-03-31,2024-06-29
A-D,2160.0,736,2024-01-03,2024-04-02
D-D,2160.0,736,2024-04-02,2024-07-01
A-D,2160.0,737,2024-01-19,2024-04-18
D-D,2160.0,737,2024-04-18,2024-07-17
A-D,1440.0,738,2024-01-02,2024-03-02
D-F,1440.0,738,2024-03-02,2024-05-01
F-D,1440.0,738,2024-05-01,2024-06-30
A-D,2160.0,739,2024-01-25,2024-04-24
D-D,2160.0,739,2024-04-24,2024-07-23
A-D,2160.0,740,2024-01-08,2024-04-07
D-D,2160.0,740,2024-04-07,2024-07-06
A-D,2160.0,741,2024-01-06,2024-04-05
D-D,2160.0,741,2024-04-05,2024-07-04
A-D,2160.0,742,2024-01-15,2024-04-14
D-D,2160.0,742,2024-04-14,2024-07-13
A-D,2160.0,743,2024-01-05,2024-04-04
D-D,2160.0,743,2024-04-04,2024-07-03
A-D,2160.0,744,2024-01-23,2024-04-22
D-D,2160.0,744,2024-04-22,2024-07-21
A-D,2160.0,745,2024-01-28,2024-04-27
D-D,2160.0,745,2024-04-27,2024-07-26
A-D,2160.0,746,2024-01-07,2024-04-06
D-D,2160.0,746,2024-04-06,2024-07-05
A-D,2160.0,747,2024-01-16,2024-04-15
D-D,2160.0,747,2024-04-15,2024-07-14
A-D,1440.0,748,2024-01-10,2024-03-10
D-G,1440.0,748,2024-03-10,2024-05-09
G-D,1440.0,748,2024-05-09,2024-07-08
A-D,2160.0,749,2024-01-15,2024-04-14
D-D,2160.0,749,2024-04-14,2024-07-13
A-D,2160.0,750,2024-01-29,2024-04-28
D-D,2160.0,750,2024-04-28,2024-07-27
A-D,2160.0,751,2024-01-04,2024-04-03
D-D,2160.0,751,2024-04-03,2024-07-02
A-D,2160.0,752,2024-01-15,2024-04-14
D-D,2160.0,752,2024-04-14,2024-07-13
A-F,1440.0,753,2024-01-09,2024-03-09
F-D,1440.0,753,2024-03-09,2024-05-08
D-D,1440.0,753,2024-05-08,2024-07-07
A-D,2160.0,754,2024-01-27,2024-04-26
D-D,2160.0,754,2024-04-26,2024-07-25
A-D,2160.0,755,2024-01-19,2024-04-18
D-D,2160.0,755,2024-04-18,2024-07-17
A-D,2160.0,756,2024-01-28,2024-04-27
D-D,2160.0,756,2024-04-27,2024-07-26
A-D,2160.0,757,2024-01-28,2024-04-27
D-D,2160.0,757,2024-04-27,2024-07-26
A-D,2160.0,758,2024-01-28,2024-04-27
D-D,2160.0,758,2024-04-27,2024-07-26
A-D,2160.0,759,2024-01-01,2024-03-31
D-D,2160.0,759,2024-03-31,2024-06-29
A-D,2160.0,760,2024-01-18,2024-04-17
D-D,2160.0,760,2024-04-17,2024-07-16
A-D,2160.0,761,2024-01-21,2024-04-20
D-D,2160.0,761,2024-04-20,2024-07-19
A-D,2160.0,762,2024-01-21,2024-04-20
D-D,2160.0,762,2024-04-20,2024-07-19
A-D,2160.0,763,2024-01-28,2024-04-27
D-D,2160.0,763,2024-04-27,2024-07-26
A-D,2160.0,764,2024-01-09,2024-04-08
D-D,2160.0,764,2024-04-08,2024-07-07
A-D,1440.0,765,2024-01-19,2024-03-19
D-F,1440.0,765,2024-03-19,2024-05-18
F-D,1440.0,765,2024-05-18,2024-07-17
A-D,2160.0,766,2024-01-10,2024-04-09
D-D,2160.0,766,2024-04-09,2024-07-08
A-D,1440.0,767,2024-01-18,2024-03-18
D-B,1440.0,767,2024-03-18,2024-05-17
B-D,1440.0,767,2024-05-17,2024-07-16
A-D,2160.0,768,2024-01-18,2024-04-17
D-D,2160.0,768,2024-04-17,2024-07-16
A-C,1440.0,769,2024-01-19,2024-03-19
C-D,1440.0,769,2024-03-19,2024-05-18
D-D,1440.0,769,2024-05-18,2024-07-17
A-A,1440.0,770,2024-01-17,2024-03-17
A-D,1440.0,770,2024-03-17,2024-05-16
D-D,1440.0,770,2024-05-16,2024-07-15
A-D,2160.0,771,2024-01-13,2024-04-12
D-D,2160.0,771,2024-04-12,2024-07-11
A-D,2160.0,772,2024-01-14,2024-04-13
D-D,2160.0,772,2024-04-13,2024-07-12
A-D,2160.0,773,2024-01-06,2024-04-05
D-D,2160.0,773,2024-04-05,2024-07-04
A-D,2160.0,774,2024-01-19,2024-04-18
D-D,2160.0,774,2024-04-18,2024-07-17
A-D,2160.0,775,2024-01-01,2024-03-31
D-D,2160.0,775,2024-03-31,2024-06-29
A-D,1440.0,776,2024-01-03,2024-03-03
D-C,1440.0,776,2024-03-03,2024-05-02
C-D,1440.0,776,2024-05-02,2024-07-01
A-D,2160.0,777,2024-01-12,2024-04-11
D-D,2160.0,777,2024-04-11,2024-07-10
A-D,2160.0,778,2024-01-28,2024-04-27
D-D,2160.0,778,2024-04-27,2024-07-26
A-G,1440.0,779,2024-01-17,2024-03-17
G-D,1440.0,779,2024-03-17,2024-05-16
D-D,1440.0,779,2024-05-16,2024-07-15
A-D,2160.0,780,2024-01-26,2024-04-25
D-D,2160.0,780,2024-04-25,2024-07-24
A-D,2160.0,781,2024-01-01,2024-03-31
D-D,2160.0,781,2024-03-31,2024-06-29
A-D,2160.0,782,2024-01-26,2024-04-25
D-D,2160.0,782,2024-04-25,2024-07-24
A-E,1440.0,783,2024-01-02,2024-03-02
E-E,1440.0,783,2024-03-02,2024-05-01
E-D,1440.0,783,2024-05-01,2024-06-30
A-D,2160.0,784,2024-01-08,2024-04-07
D-D,2160.0,784,2024-04-07,2024-07-06
A-D,2160.0,785,2024-01-07,2024-04-06
D-D,2160.0,785,2024-04-06,2024-07-05
A-E,1440.0,786,2024-01-24,2024-03-24
E-A,1440.0,786,2024-03-24,2024-05-23
A-D,1440.0,786,2024-05-23,2024-07-22
A-D,2160.0,787,2024-01-06,2024-04-05
D-D,2160.0,787,2024-04-05,2024-07-04
A-D,1440.0,788,2024-01-28,2024-03-28
D-D,1440.0,788,2024-03-28,2024-05-27
D-D,1440.0,788,2024-05-27,2024-07-26
A-D,2160.0,789,2024-01-27,2024-04-26
D-D,2160.0,789,2024-04-26,2024-07-25
A-D,1440.0,790,2024-01-01,2024-03-01
D-E,1440.0,790,2024-03-01,2024-04-30
E-D,1440.0,790,2024-04-30,2024-06-29
A-D,2160.0,791,2024-01-14,2024-04-13
D-D,2160.0,791,2024-04-13,2024-07-12
A-D,2160.0,792,2024-01-18,2024-04-17
D-D,2160.0,792,2024-04-17,2024-07-16
A-D,1440.0,793,2024-01-11,2024-03-11
D-D,1440.0,793,2024-03-11,2024-05-10
D-D,1440.0,793,2024-05-10,2024-07-09
A-D,1440.0,794,2024-01-24,2024-03-24
D-G,1440.0,794,2024-03-24,2024-05-23
G-D,1440.0,794,2024-05-23,2024-07-22
A-D,1440.0,795,2024-01-28,2024-03-28
D-E,1440.0,795,2024-03-28,2024-05-27
E-D,1440.0,795,2024-05-27,2024-07-26
A-D,2160.0,796,2024-01-28,2024-04-27
D-D,2160.0,796,2024-04-27,2024-07-26
A-D,2160.0,797,2024-01-16,2024-04-15
D-D,2160.0,797,2024-04-15,2024-07-14
A-D,2160.0,798,2024-01-15,2024-04-14
D-D,2160.0,798,2024-04-14,2024-07-13
A-D,1440.0,799,2024-01-13,2024-03-13
D-D,1440.0,799,2024-03-13,2024-05-12
D-D,1440.0,799,2024-05-12,2024-07-11
A-D,2160.0,800,2024-01-22,2024-04-21
D-D,2160.0,800,2024-04-21,2024-07-20
A-D,2160.0,801,2024-01-08,2024-04-07
D-D,2160.0,801,2024-04-07,2024-07-06
A-D,2160.0,802,2024-01-20,2024-04-19
D-D,2160.0,802,2024-04-19,2024-07-18
A-D,2160.0,803,2024-01-29,2024-04-28
D-D,2160.0,803,2024-04-28,2024-07-27
A-D,2160.0,804,2024-01-10,2024-04-09
D-D,2160.0,804,2024-04-09,2024-07-08
A-D,2160.0,805,2024-01-21,2024-04-20
D-D,2160.0,805,2024-04-20,2024-07-19
A-D,2160.0,806,2024-01-13,2024-04-12
D-D,2160.0,806,2024-04-12,2024-07-11
A-D,2160.0,807,2024-01-17,2024-04-16
D-D,2160.0,807,2024-04-16,2024-07-15
A-D,2160.0,808,2024-01-12,2024-04-11
D-D,2160.0,808,2024-04-11,2024-07-10
A-D,2160.0,809,2024-01-26,2024-04-25
D-D,2160.0,809,2024-04-25,2024-07-24
A-D,2160.0,810,2024-01-11,2024-04-10
D-D,2160.0,810,2024-04-10,2024-07-09
A-D,2160.0,811,2024-01-22,2024-04-21
D-D,2160.0,811,2024-04-21,2024-07-20
A-D,2160.0,812,2024-01-30,2024-04-29
D-D,2160.0,812,2024-04-29,2024-07-28
A-D,2160.0,813,2024-01-16,2024-04-15
D-D,2160.0,813,2024-04-15,2024-07-14
A-D,2160.0,814,2024-01-22,2024-04-21
D-D,2160.0,814,2024-04-21,2024-07-20
A-D,2160.0,815,2024-01-01,2024-03-31
D-D,2160.0,815,2024-03-31,2024-06-29
A-F,1440.0,816,2024-01-09,2024-03-09
F-D,1440.0,816,2024-03-09,2024-05-08
D-D,1440.0,816,2024-05-08,2024-07-07
A-D,2160.0,817,2024-01-11,2024-04-10
D-D,2160.0,817,2024-04-10,2024-07-09
A-D,2160.0,818,2024-01-25,2024-04-24
D-D,2160.0,818,2024-04-24,2024-07-23
A-D,2160.0,819,2024-01-07,2024-04-06
D-D,2160.0,819,2024-04-06,2024-07-05
A-D,2160.0,820,2024-01-14,2024-04-13
D-D,2160.0,820,2024-04-13,2024-07-12
A-D,1440.0,821,2024-01-24,2024-03-24
D-F,1440.0,821,2024-03-24,2024-05-23
F-D,1440.0,821,2024-05-23,2024-07-22
A-D,2160.0,822,2024-01-23,2024-04-22
D-D,2160.0,822,2024-04-22,2024-07-21
A-D,2160.0,823,2024-01-19,2024-04-18
D-D,2160.0,823,2024-04-18,2024-07-17
A-D,1440.0,824,2024-01-18,2024-03-18
D-F,1440.0,824,2024-03-18,2024-05-17
F-D,1440.0,824,2024-05-17,2024-07-16
A-D,2160.0,825,2024-01-02,2024-04-01
D-D,2160.0,825,2024-04-01,2024-06-30
A-E,1440.0,826,2024-01-01,2024-03-01
E-D,1440.0,826,2024-03-01,2024-04-30
D-D,1440.0,826,2024-04-30,2024-06-29
A-D,2160.0,827,2024-01-05,2024-04-04
D-D,2160.0,827,2024-04-04,2024-07-03
A-D,1440.0,828,2024-01-30,2024-03-30
D-F,1440.0,828,2024-03-30,2024-05-29
F-D,1440.0,828,2024-05-29,2024-07-28
A-D,2160.0,829,2024-01-16,2024-04-15
D-D,2160.0,829,2024-04-15,2024-07-14
A-C,1440.0,830,2024-01-21,2024-03-21
C-D,1440.0,830,2024-03-21,2024-05-20
D-D,1440.0,830,2024-05-20,2024-07-19
A-D,2160.0,831,2024-01-17,2024-04-16
D-D,2160.0,831,2024-04-16,2024-07-15
A-D,2160.0,832,2024-01-14,2024-04-13
D-D,2160.0,832,2024-04-13,2024-07-12
A-D,2160.0,833,2024-01-17,2024-04-16
D-D,2160.0,833,2024-04-16,2024-07-15
A-D,2160.0,834,2024-01-19,2024-04-18
D-D,2160.0,834,2024-04-18,2024-07-17
A-D,2160.0,835,2024-01-12,2024-04-11
D-D,2160.0,835,2024-04-11,2024-07-10
A-D,2160.0,836,2024-01-01,2024-03-31
D-D,2160.0,836,2024-03-31,2024-06-29
A-D,2160.0,837,2024-01-10,2024-04-09
D-D,2160.0,837,2024-04-09,2024-07-08
A-D,1440.0,838,2024-01-27,2024-03-27
D-A,1440.0,838,2024-03-27,2024-05-26
A-D,1440.0,838,2024-05-26,2024-07-25
A-D,2160.0,839,2024-01-12,2024-04-11
D-D,2160.0,839,2024-04-11,2024-07-10
A-D,2160.0,840,2024-01-23,2024-04-22
D-D,2160.0,840,2024-04-22,2024-07-21
A-D,2160.0,841,2024-01-23,2024-04-22
D-D,2160.0,841,2024-04-22,2024-07-21
A-D,2160.0,842,2024-01-21,2024-04-20
D-D,2160.0,842,2024-04-20,2024-07-19
A-D,2160.0,843,2024-01-10,2024-04-09
D-D,2160.0,843,2024-04-09,2024-07-08
A-D,2160.0,844,2024-01-04,2024-04-03
D-D,2160.0,844,2024-04-03,2024-07-02
A-D,1440.0,845,2024-01-13,2024-03-13
D-G,1440.0,845,2024-03-13,2024-05-12
G-D,1440.0,845,2024-05-12,2024-07-11
A-D,2160.0,846,2024-01-08,2024-04-07
D-D,2160.0,846,2024-04-07,2024-07-06
A-D,2160.0,847,2024-01-01,2024-03-31
D-D,2160.0,847,2024-03-31,2024-06-29
A-D,2160.0,848,2024-01-14,2024-04-13
D-D,2160.0,848,2024-04-13,2024-07-12
A-D,2160.0,849,2024-01-17,2024-04-16
D-D,2160.0,849,2024-04-16,2024-07-15
A-D,2160.0,850,2024-01-13,2024-04-12
D-D,2160.0,850,2024-04-12,2024-07-11
A-D,1440.0,851,2024-01-06,2024-03-06
D-D,1440.0,851,2024-03-06,2024-05-05
D-D,1440.0,851,2024-05-05,2024-07-04
A-D,2160.0,852,2024-01-27,2024-04-26
D-D,2160.0,852,2024-04-26,2024-07-25
A-D,2160.0,853,2024-01-26,2024-04-25
D-D,2160.0,853,2024-04-25,2024-07-24
A-E,1440.0,854,2024-01-16,2024-03-16
E-D,1440.0,854,2024-03-16,2024-05-15
D-D,1440.0,854,2024-05-15,2024-07-14
A-D,2160.0,855,2024-01-21,2024-04-20
D-D,2160.0,855,2024-04-20,2024-07-19
A-D,2160.0,856,2024-01-10,2024-04-09
D-D,2160.0,856,2024-04-09,2024-07-08
A-D,2160.0,857,2024-01-05,2024-04-04
D-D,2160.0,857,2024-04-04,2024-07-03
A-D,2160.0,858,2024-01-18,2024-04-17
D-D,2160.0,858,2024-04-17,2024-07-16
A-D,2160.0,859,2024-01-30,2024-04-29
D-D,2160.0,859,2024-04-29,2024-07-28
A-D,2160.0,860,2024-01-17,2024-04-16
D-D,2160.0,860,2024-04-16,2024-07-15
A-D,2160.0,861,2024-01-17,2024-04-16
D-D,2160.0,861,2024-04-16,2024-07-15
A-D,2160.0,862,2024-01-10,2024-04-09
D-D,2160.0,862,2024-04-09,2024-07-08
A-D,2160.0,863,2024-01-27,2024-04-26
D-D,2160.0,863,2024-04-26,2024-07-25
A-D,2160.0,864,2024-01-03,2024-04-02
D-D,2160.0,864,2024-04-02,2024-07-01
A-D,2160.0,865,2024-01-15,2024-04-14
D-D,2160.0,865,2024-04-14,2024-07-13
A-G,1440.0,866,2024-01-07,2024-03-07
G-F,1440.0,866,2024-03-07,2024-05-06
F-D,1440.0,866,2024-05-06,2024-07-05
A-D,2160.0,867,2024-01-03,2024-04-02
D-D,2160.0,867,2024-04-02,2024-07-01
A-D,2160.0,868,2024-01-19,2024-04-18
D-D,2160.0,868,2024-04-18,2024-07-17
A-D,2160.0,869,2024-01-29,2024-04-28
D-D,2160.0,869,2024-04-28,2024-07-27
A-D,2160.0,870,2024-01-14,2024-04-13
D-D,2160.0,870,2024-04-13,2024-07-12
A-G,1440.0,871,2024-01-17,2024-03-17
G-D,1440.0,871,2024-03-17,2024-05-16
D-D,1440.0,871,2024-05-16,2024-07-15
A-D,2160.0,872,2024-01-10,2024-04-09
D-D,2160.0,872,2024-04-09,2024-07-08
A-D,1440.0,873,2024-01-22,2024-03-22
D-F,1440.0,873,2024-03-22,2024-05-21
F-D,1440.0,873,2024-05-21,2024-07-20
A-D,2160.0,874,2024-01-13,2024-04-12
D-D,2160.0,874,2024-04-12,2024-07-11
A-D,2160.0,875,2024-01-23,2024-04-22
D-D,2160.0,875,2024-04-22,2024-07-21
A-D,2160.0,876,2024-01-17,2024-04-16
D-D,2160.0,876,2024-04-16,2024-07-15
A-D,2160.0,877,2024-01-25,2024-04-24
D-D,2160.0,877,2024-04-24,2024-07-23
A-D,2160.0,878,2024-01-14,2024-04-13
D-D,2160.0,878,2024-04-13,2024-07-12
A-D,2160.0,879,2024-01-22,2024-04-21
D-D,2160.0,879,2024-04-21,2024-07-20
A-D,2160.0,880,2024-01-01,2024-03-31
D-D,2160.0,880,2024-03-31,2024-06-29
A-D,2160.0,881,2024-01-12,2024-04-11
D-D,2160.0,881,2024-04-11,2024-07-10
A-D,2160.0,882,2024-01-10,2024-04-09
D-D,2160.0,882,2024-04-09,2024-07-08
A-D,2160.0,883,2024-01-31,2024-04-30
D-D,2160.0,883,2024-04-30,2024-07-29
A-E,1440.0,884,2024-01-20,2024-03-20
E-E,1440.0,884,2024-03-20,2024-05-19
E-D,1440.0,884,2024-05-19,2024-07-18
A-D,2160.0,885,2024-01-22,2024-04-21
D-D,2160.0,885,2024-04-21,2024-07-20
A-D,2160.0,886,2024-01-30,2024-04-29
D-D,2160.0,886,2024-04-29,2024-07-28
A-D,2160.0,887,2024-01-01,2024-03-31
D-D,2160.0,887,2024-03-31,2024-06-29
A-D,2160.0,888,2024-01-28,2024-04-27
D-D,2160.0,888,2024-04-27,2024-07-26
A-D,2160.0,889,2024-01-01,2024-03-31
D-D,2160.0,889,2024-03-31,2024-06-29
A-D,2160.0,890,2024-01-02,2024-04-01
D-D,2160.0,890,2024-04-01,2024-06-30
A-D,1440.0,891,2024-01-06,2024-03-06
D-G,1440.0,891,2024-03-06,2024-05-05
G-D,1440.0,891,2024-05-05,2024-07-04
A-D,2160.0,892,2024-01-02,2024-04-01
D-D,2160.0,892,2024-04-01,2024-06-30
A-D,2160.0,893,2024-01-04,2024-04-03
D-D,2160.0,893,2024-04-03,2024-07-02
A-D,1440.0,894,2024-01-22,2024-03-22
D-F,1440.0,894,2024-03-22,2024-05-21
F-D,1440.0,894,2024-05-21,2024-07-20
A-D,2160.0,895,2024-01-04,2024-04-03
D-D,2160.0,895,2024-04-03,2024-07-02
A-D,1440.0,896,2024-01-12,2024-03-12
D-D,1440.0,896,2024-03-12,2024-05-11
D-D,1440.0,896,2024-05-11,2024-07-10
A-D,2160.0,897,2024-01-10,2024-04-09
D-D,2160.0,897,2024-04-09,2024-07-08
A-D,2160.0,898,2024-01-16,2024-04-15
D-D,2160.0,898,2024-04-15,2024-07-14
A-D,2160.0,899,2024-01-29,2024-04-28
D-D,2160.0,899,2024-04-28,2024-07-27
A-D,2160.0,900,2024-01-24,2024-04-23
D-D,2160.0,900,2024-04-23,2024-07-22
A-D,2160.0,901,2024-01-14,2024-04-13
D-D,2160.0,901,2024-04-13,2024-07-12
A-D,2160.0,902,2024-01-24,2024-04-23
D-D,2160.0,902,2024-04-23,2024-07-22
A-D,2160.0,903,2024-01-03,2024-04-02
D-D,2160.0,903,2024-04-02,2024-07-01
A-D,2160.0,904,2024-01-29,2024-04-28
D-D,2160.0,904,2024-04-28,2024-07-27
A-D,1440.0,905,2024-01-05,2024-03-05
D-G,1440.0,905,2024-03-05,2024-05-04
G-D,1440.0,905,2024-05-04,2024-07-03
A-D,2160.0,906,2024-01-21,2024-04-20
D-D,2160.0,906,2024-04-20,2024-07-19
A-D,2160.0,907,2024-01-24,2024-04-23
D-D,2160.0,907,2024-04-23,2024-07-22
A-D,1440.0,908,2024-01-14,2024-03-14
D-C,1440.0,908,2024-03-14,2024-05-13
C-D,1440.0,908,2024-05-13,2024-07-12
A-D,1440.0,909,2024-01-17,2024-03-17
D-E,1440.0,909,2024-03-17,2024-05-16
E-D,1440.0,909,2024-05-16,2024-07-15
A-E,1440.0,910,2024-01-13,2024-03-13
E-D,1440.0,910,2024-03-13,2024-05-12
D-D,1440.0,910,2024-05-12,2024-07-11
A-D,2160.0,911,2024-01-12,2024-04-11
D-D,2160.0,911,2024-04-11,2024-07-10
A-D,1440.0,912,2024-01-27,2024-03-27
D-G,1440.0,912,2024-03-27,2024-05-26
G-D,1440.0,912,2024-05-26,2024-07-25
A-D,2160.0,913,2024-01-21,2024-04-20
D-D,2160.0,913,2024-04-20,2024-07-19
A-D,2160.0,914,2024-01-15,2024-04-14
D-D,2160.0,914,2024-04-14,2024-07-13
A-F,1440.0,915,2024-01-09,2024-03-09
F-D,1440.0,915,2024-03-09,2024-05-08
D-D,1440.0,915,2024-05-08,2024-07-07
A-D,2160.0,916,2024-01-31,2024-04-30
D-D,2160.0,916,2024-04-30,2024-07-29
A-D,2160.0,917,2024-01-12,2024-04-11
D-D,2160.0,917,2024-04-11,2024-07-10
A-D,2160.0,918,2024-01-23,2024-04-22
D-D,2160.0,918,2024-04-22,2024-07-21
A-D,2160.0,919,2024-01-28,2024-04-27
D-D,2160.0,919,2024-04-27,2024-07-26
A-D,2160.0,920,2024-01-27,2024-04-26
D-D,2160.0,920,2024-04-26,2024-07-25
A-D,2160.0,921,2024-01-27,2024-04-26
D-D,2160.0,921,2024-04-26,2024-07-25
A-D,1440.0,922,2024-01-21,2024-03-21
D-F,1440.0,922,2024-03-21,2024-05-20
F-D,1440.0,922,2024-05-20,2024-07-19
A-D,2160.0,923,2024-01-14,2024-04-13
D-D,2160.0,923,2024-04-13,2024-07-12
A-D,2160.0,924,2024-01-15,2024-04-14
D-D,2160.0,924,2024-04-14,2024-07-13
A-D,2160.0,925,2024-01-10,2024-04-09
D-D,2160.0,925,2024-04-09,2024-07-08
A-A,1440.0,926,2024-01-30,2024-03-30
A-E,1440.0,926,2024-03-30,2024-05-29
E-D,1440.0,926,2024-05-29,2024-07-28
A-D,2160.0,927,2024-01-17,2024-04-16
D-D,2160.0,927,2024-04-16,2024-07-15
A-D,2160.0,928,2024-01-26,2024-04-25
D-D,2160.0,928,2024-04-25,2024-07-24
A-D,2160.0,929,2024-01-26,2024-04-25
D-D,2160.0,929,2024-04-25,2024-07-24
A-G,1440.0,930,2024-01-22,2024-03-22
G-D,1440.0,930,2024-03-22,2024-05-21
D-D,1440.0,930,2024-05-21,2024-07-20
A-D,2160.0,931,2024-01-04,2024-04-03
D-D,2160.0,931,2024-04-03,2024-07-02
A-D,2160.0,932,2024-01-11,2024-04-10
D-D,2160.0,932,2024-04-10,2024-07-09
A-D,2160.0,933,2024-01-11,2024-04-10
D-D,2160.0,933,2024-04-10,2024-07-09
A-D,2160.0,934,2024-01-07,2024-04-06
D-D,2160.0,934,2024-04-06,2024-07-05
A-D,2160.0,935,2024-01-19,2024-04-18
D-D,2160.0,935,2024-04-18,2024-07-17
A-D,1440.0,936,2024-01-30,2024-03-30
D-E,1440.0,936,2024-03-30,2024-05-29
E-D,1440.0,936,2024-05-29,2024-07-28
A-D,2160.0,937,2024-01-02,2024-04-01
D-D,2160.0,937,2024-04-01,2024-06-30
A-D,2160.0,938,2024-01-08,2024-04-07
D-D,2160.0,938,2024-04-07,2024-07-06
A-D,2160.0,939,2024-01-05,2024-04-04
D-D,2160.0,939,2024-04-04,2024-07-03
A-D,2160.0,940,2024-01-05,2024-04-04
D-D,2160.0,940,2024-04-04,2024-07-03
A-D,2160.0,941,2024-01-10,2024-04-09
D-D,2160.0,941,2024-04-09,2024-07-08
A-D,2160.0,942,2024-01-27,2024-04-26
D-D,2160.0,942,2024-04-26,2024-07-25
A-D,2160.0,943,2024-01-22,2024-04-21
D-D,2160.0,943,2024-04-21,2024-07-20
A-D,2160.0,944,2024-01-08,2024-04-07
D-D,2160.0,944,2024-04-07,2024-07-06
A-D,2160.0,945,2024-01-09,2024-04-08
D-D,2160.0,945,2024-04-08,2024-07-07
A-D,2160.0,946,2024-01-03,2024-04-02
D-D,2160.0,946,2024-04-02,2024-07-01
A-D,2160.0,947,2024-01-30,2024-04-29
D-D,2160.0,947,2024-04-29,2024-07-28
A-E,1440.0,948,2024-01-06,2024-03-06
E-D,1440.0,948,2024-03-06,2024-05-05
D-D,1440.0,948,2024-05-05,2024-07-04
A-D,2160.0,949,2024-01-16,2024-04-15
D-D,2160.0,949,2024-04-15,2024-07-14
A-D,2160.0,950,2024-01-21,2024-04-20
D-D,2160.0,950,2024-04-20,2024-07-19
A-D,2160.0,951,2024-01-06,2024-04-05
D-D,2160.0,951,2024-04-05,2024-07-04
A-D,2160.0,952,2024-01-25,2024-04-24
D-D,2160.0,952,2024-04-24,2024-07-23
A-D,2160.0,953,2024-01-04,2024-04-03
D-D,2160.0,953,2024-04-03,2024-07-02
A-D,2160.0,954,2024-01-25,2024-04-24
D-D,2160.0,954,2024-04-24,2024-07-23
A-D,2160.0,955,2024-01-16,2024-04-15
D-D,2160.0,955,2024-04-15,2024-07-14
A-D,2160.0,956,2024-01-05,2024-04-04
D-D,2160.0,956,2024-04-04,2024-07-03
A-D,2160.0,957,2024-01-21,2024-04-20
D-D,2160.0,957,2024-04-20,2024-07-19
A-D,2160.0,958,2024-01-09,2024-04-08
D-D,2160.0,958,2024-04-08,2024-07-07
A-D,2160.0,959,2024-01-28,2024-04-27
D-D,2160.0,959,2024-04-27,2024-07-26
A-D,2160.0,960,2024-01-07,2024-04-06
D-D,2160.0,960,2024-04-06,2024-07-05
A-D,2160.0,961,2024-01-03,2024-04-02
D-D,2160.0,961,2024-04-02,2024-07-01
A-A,1440.0,962,2024-01-20,2024-03-20
A-D,1440.0,962,2024-03-20,2024-05-19
D-D,1440.0,962,2024-05-19,2024-07-18
A-D,2160.0,963,2024-01-28,2024-04-27
D-D,2160.0,963,2024-04-27,2024-07-26
A-D,1440.0,964,2024-01-31,2024-03-31
D-B,1440.0,964,2024-03-31,2024-05-30
B-D,1440.0,964,2024-05-30,2024-07-29
A-D,2160.0,965,2024-01-28,2024-04-27
D-D,2160.0,965,2024-04-27,2024-07-26
A-D,2160.0,966,2024-01-16,2024-04-15
D-D,2160.0,966,2024-04-15,2024-07-14
A-D,2160.0,967,2024-01-20,2024-04-19
D-D,2160.0,967,2024-04-19,2024-07-18
A-D,2160.0,968,2024-01-23,2024-04-22
D-D,2160.0,968,2024-04-22,2024-07-21
A-D,2160.0,969,2024-01-25,2024-04-24
D-D,2160.0,969,2024-04-24,2024-07-23
A-D,2160.0,970,2024-01-30,2024-04-29
D-D,2160.0,970,2024-04-29,2024-07-28
A-D,2160.0,971,2024-01-25,2024-04-24
D-D,2160.0,971,2024-04-24,2024-07-23
A-D,2160.0,972,2024-01-29,2024-04-28
D-D,2160.0,972,2024-04-28,2024-07-27
A-D,2160.0,973,2024-01-24,2024-04-23
D-D,2160.0,973,2024-04-23,2024-07-22
A-D,2160.0,974,2024-01-11,2024-04-10
D-D,2160.0,974,2024-04-10,2024-07-09
A-D,2160.0,975,2024-01-14,2024-04-13
D-D,2160.0,975,2024-04-13,2024-07-12
A-B,1440.0,976,2024-01-12,2024-03-12
B-B,1440.0,976,2024-03-12,2024-05-11
B-D,1440.0,976,2024-05-11,2024-07-10
A-D,2160.0,977,2024-01-07,2024-04-06
D-D,2160.0,977,2024-04-06,2024-07-05
A-D,2160.0,978,2024-01-26,2024-04-25
D-D,2160.0,978,2024-04-25,2024-07-24
A-D,2160.0,979,2024-01-11,2024-04-10
D-D,2160.0,979,2024-04-10,2024-07-09
A-C,1440.0,980,2024-01-14,2024-03-14
C-A,1440.0,980,2024-03-14,2024-05-13
A-D,1440.0,980,2024-05-13,2024-07-12
A-D,1440.0,981,2024-01-09,2024-03-09
D-G,1440.0,981,2024-03-09,2024-05-08
G-D,1440.0,981,2024-05-08,2024-07-07
A-D,1440.0,982,2024-01-26,2024-03-26
D-E,1440.0,982,2024-03-26,2024-05-25
E-D,1440.0,982,2024-05-25,2024-07-24
A-D,2160.0,983,2024-01-07,2024-04-06
D-D,2160.0,983,2024-04-06,2024-07-05
A-D,2160.0,984,2024-01-01,2024-03-31
D-D,2160.0,984,2024-03-31,2024-06-29
A-E,1440.0,985,2024-01-07,2024-03-07
E-D,1440.0,985,2024-03-07,2024-05-06
D-D,1440.0,985,2024-05-06,2024-07-05
A-D,2160.0,986,2024-01-04,2024-04-03
D-D,2160.0,986,2024-04-03,2024-07-02
A-D,2160.0,987,2024-01-03,2024-04-02
D-D,2160.0,987,2024-04-02,2024-07-01
A-D,2160.0,988,2024-01-13,2024-04-12
D-D,2160.0,988,2024-04-12,2024-07-11
A-C,1440.0,989,2024-01-08,2024-03-08
C-D,1440.0,989,2024-03-08,2024-05-07
D-D,1440.0,989,2024-05-07,2024-07-06
A-D,2160.0,990,2024-01-27,2024-04-26
D-D,2160.0,990,2024-04-26,2024-07-25
A-D,2160.0,991,2024-01-21,2024-04-20
D-D,2160.0,991,2024-04-20,2024-07-19
A-D,2160.0,992,2024-01-06,2024-04-05
D-D,2160.0,992,2024-04-05,2024-07-04
A-F,1440.0,993,2024-01-30,2024-03-30
F-D,1440.0,993,2024-03-30,2024-05-29
D-D,1440.0,993,2024-05-29,2024-07-28
A-D,1440.0,994,2024-01-11,2024-03-11
D-G,1440.0,994,2024-03-11,2024-05-10
G-D,1440.0,994,2024-05-10,2024-07-09
A-D,2160.0,995,2024-01-28,2024-04-27
D-D,2160.0,995,2024-04-27,2024-07-26
A-D,2160.0,996,2024-01-05,2024-04-04
D-D,2160.0,996,2024-04-04,2024-07-03
A-D,2160.0,997,2024-01-09,2024-04-08
D-D,2160.0,997,2024-04-08,2024-07-07
A-D,2160.0,998,2024-01-05,2024-04-04
D-D,2160.0,998,2024-04-04,2024-07-03
A-D,2160.0,999,2024-01-20,2024-04-19
D-D,2160.0,999,2024-04-19,2024-07-18
A-D,2160.0,1000,2024-01-07,2024-04-06
D-D,2160.0,1000,2024-04-06,2024-07-05
