id,event,date,pattern_base
1,A,2024-01-24,ADD
1,D,2024-04-23,ADD
1,D,2024-07-22,ADD
2,A,2024-01-18,ADD
2,D,2024-04-17,ADD
2,D,2024-07-16,ADD
3,A,2024-01-15,ADD
3,D,2024-03-15,ADD
3,C,2024-05-14,ADD
3,D,2024-07-13,ADD
4,A,2024-01-13,ADD
4,A,2024-03-13,ADD
4,D,2024-05-12,ADD
4,D,2024-07-11,ADD
5,A,2024-01-28,ADD
5,D,2024-04-27,ADD
5,D,2024-07-26,ADD
6,A,2024-01-19,ADD
6,G,2024-03-19,ADD
6,D,2024-05-18,ADD
6,D,2024-07-17,ADD
7,A,2024-01-09,ADD
7,D,2024-04-08,ADD
7,D,2024-07-07,ADD
8,A,2024-01-30,ADD
8,D,2024-03-30,ADD
8,G,2024-05-29,ADD
8,D,2024-07-28,ADD
9,A,2024-01-06,ADD
9,D,2024-04-05,ADD
9,D,2024-07-04,ADD
10,A,2024-01-30,ADD
10,D,2024-04-29,ADD
10,D,2024-07-28,ADD
11,A,2024-01-28,ADD
11,D,2024-04-27,ADD
11,D,2024-07-26,ADD
12,A,2024-01-25,ADD
12,D,2024-04-24,ADD
12,D,2024-07-23,ADD
13,A,2024-01-30,ADD
13,D,2024-04-29,ADD
13,D,2024-07-28,ADD
14,A,2024-01-07,ADD
14,D,2024-04-06,ADD
14,D,2024-07-05,ADD
15,A,2024-01-14,ADD
15,D,2024-04-13,ADD
15,D,2024-07-12,ADD
16,A,2024-01-24,ADD
16,D,2024-04-23,ADD
16,D,2024-07-22,ADD
17,A,2024-01-18,ADD
17,D,2024-03-18,ADD
17,B,2024-05-17,ADD
17,D,2024-07-16,ADD
18,A,2024-01-01,ADD
18,D,2024-03-31,ADD
18,D,2024-06-29,ADD
19,A,2024-01-26,ADD
19,D,2024-04-25,ADD
19,D,2024-07-24,ADD
20,A,2024-01-12,ADD
20,G,2024-03-12,ADD
20,D,2024-05-11,ADD
20,D,2024-07-10,ADD
21,A,2024-01-16,ADD
21,D,2024-04-15,ADD
21,D,2024-07-14,ADD
22,A,2024-01-18,ADD
22,D,2024-03-18,ADD
22,C,2024-05-17,ADD
22,D,2024-07-16,ADD
23,A,2024-01-12,ADD
23,D,2024-04-11,ADD
23,D,2024-07-10,ADD
24,A,2024-01-04,ADD
24,D,2024-04-03,ADD
24,D,2024-07-02,ADD
25,A,2024-01-29,ADD
25,D,2024-04-28,ADD
25,D,2024-07-27,ADD
26,A,2024-01-30,ADD
26,D,2024-04-29,ADD
26,D,2024-07-28,ADD
27,A,2024-01-14,ADD
27,D,2024-04-13,ADD
27,D,2024-07-12,ADD
28,A,2024-01-05,ADD
28,D,2024-04-04,ADD
28,D,2024-07-03,ADD
29,A,2024-01-03,ADD
29,D,2024-04-02,ADD
29,D,2024-07-01,ADD
30,A,2024-01-28,ADD
30,B,2024-03-28,ADD
30,D,2024-05-27,ADD
30,D,2024-07-26,ADD
31,A,2024-01-30,ADD
31,E,2024-03-30,ADD
31,F,2024-05-29,ADD
31,D,2024-07-28,ADD
32,A,2024-01-14,ADD
32,D,2024-04-13,ADD
32,D,2024-07-12,ADD
33,A,2024-01-08,ADD
33,D,2024-04-07,ADD
33,D,2024-07-06,ADD
34,A,2024-01-07,ADD
34,D,2024-04-06,ADD
34,D,2024-07-05,ADD
35,A,2024-01-28,ADD
35,D,2024-04-27,ADD
35,D,2024-07-26,ADD
36,A,2024-01-16,ADD
36,D,2024-03-16,ADD
36,C,2024-05-15,ADD
36,D,2024-07-14,ADD
37,A,2024-01-31,ADD
37,D,2024-04-30,ADD
37,D,2024-07-29,ADD
38,A,2024-01-09,ADD
38,D,2024-04-08,ADD
38,D,2024-07-07,ADD
39,A,2024-01-23,ADD
39,D,2024-04-22,ADD
39,D,2024-07-21,ADD
40,A,2024-01-31,ADD
40,D,2024-04-30,ADD
40,D,2024-07-29,ADD
41,A,2024-01-11,ADD
41,D,2024-04-10,ADD
41,D,2024-07-09,ADD
42,A,2024-01-25,ADD
42,D,2024-04-24,ADD
42,D,2024-07-23,ADD
43,A,2024-01-23,ADD
43,D,2024-04-22,ADD
43,D,2024-07-21,ADD
44,A,2024-01-26,ADD
44,D,2024-04-25,ADD
44,D,2024-07-24,ADD
45,A,2024-01-24,ADD
45,D,2024-04-23,ADD
45,D,2024-07-22,ADD
46,A,2024-01-15,ADD
46,D,2024-04-14,ADD
46,D,2024-07-13,ADD
47,A,2024-01-10,ADD
47,D,2024-04-09,ADD
47,D,2024-07-08,ADD
48,A,2024-01-30,ADD
48,D,2024-04-29,ADD
48,D,2024-07-28,ADD
49,A,2024-01-22,ADD
49,D,2024-04-21,ADD
49,D,2024-07-20,ADD
50,A,2024-01-19,ADD
50,G,2024-03-19,ADD
50,D,2024-05-18,ADD
50,D,2024-07-17,ADD
51,A,2024-01-23,ADD
51,D,2024-04-22,ADD
51,D,2024-07-21,ADD
52,A,2024-01-10,ADD
52,D,2024-04-09,ADD
52,D,2024-07-08,ADD
53,A,2024-01-31,ADD
53,D,2024-04-30,ADD
53,D,2024-07-29,ADD
54,A,2024-01-20,ADD
54,A,2024-03-20,ADD
54,D,2024-05-19,ADD
54,D,2024-07-18,ADD
55,A,2024-01-01,ADD
55,D,2024-03-01,ADD
55,D,2024-04-30,ADD
55,D,2024-06-29,ADD
56,A,2024-01-12,ADD
56,D,2024-04-11,ADD
56,D,2024-07-10,ADD
57,A,2024-01-16,ADD
57,D,2024-04-15,ADD
57,D,2024-07-14,ADD
58,A,2024-01-26,ADD
58,D,2024-04-25,ADD
58,D,2024-07-24,ADD
59,A,2024-01-25,ADD
59,D,2024-04-24,ADD
59,D,2024-07-23,ADD
60,A,2024-01-10,ADD
60,D,2024-04-09,ADD
60,D,2024-07-08,ADD
61,A,2024-01-19,ADD
61,D,2024-04-18,ADD
61,D,2024-07-17,ADD
62,A,2024-01-05,ADD
62,D,2024-04-04,ADD
62,D,2024-07-03,ADD
63,A,2024-01-03,ADD
63,D,2024-04-02,ADD
63,D,2024-07-01,ADD
64,A,2024-01-23,ADD
64,D,2024-04-22,ADD
64,D,2024-07-21,ADD
65,A,2024-01-01,ADD
65,D,2024-03-31,ADD
65,D,2024-06-29,ADD
66,A,2024-01-19,ADD
66,D,2024-03-19,ADD
66,D,2024-05-18,ADD
66,D,2024-07-17,ADD
67,A,2024-01-03,ADD
67,B,2024-03-03,ADD
67,D,2024-05-02,ADD
67,D,2024-07-01,ADD
68,A,2024-01-21,ADD
68,D,2024-04-20,ADD
68,D,2024-07-19,ADD
69,A,2024-01-03,ADD
69,D,2024-04-02,ADD
69,D,2024-07-01,ADD
70,A,2024-01-16,ADD
70,D,2024-04-15,ADD
70,D,2024-07-14,ADD
71,A,2024-01-30,ADD
71,D,2024-04-29,ADD
71,D,2024-07-28,ADD
72,A,2024-01-01,ADD
72,D,2024-03-31,ADD
72,D,2024-06-29,ADD
73,A,2024-01-15,ADD
73,D,2024-04-14,ADD
73,D,2024-07-13,ADD
74,A,2024-01-22,ADD
74,D,2024-04-21,ADD
74,D,2024-07-20,ADD
75,A,2024-01-27,ADD
75,D,2024-03-27,ADD
75,F,2024-05-26,ADD
75,D,2024-07-25,ADD
76,A,2024-01-13,ADD
76,D,2024-04-12,ADD
76,D,2024-07-11,ADD
77,A,2024-01-06,ADD
77,D,2024-04-05,ADD
77,D,2024-07-04,ADD
78,A,2024-01-04,ADD
78,A,2024-03-04,ADD
78,D,2024-05-03,ADD
78,D,2024-07-02,ADD
79,A,2024-01-20,ADD
79,D,2024-03-20,ADD
79,G,2024-05-19,ADD
79,D,2024-07-18,ADD
80,A,2024-01-28,ADD
80,D,2024-04-27,ADD
80,D,2024-07-26,ADD
81,A,2024-01-09,ADD
81,D,2024-03-09,ADD
81,G,2024-05-08,ADD
81,D,2024-07-07,ADD
82,A,2024-01-30,ADD
82,F,2024-03-30,ADD
82,D,2024-05-29,ADD
82,D,2024-07-28,ADD
83,A,2024-01-13,ADD
83,B,2024-03-13,ADD
83,D,2024-05-12,ADD
83,D,2024-07-11,ADD
84,A,2024-01-15,ADD
84,D,2024-04-14,ADD
84,D,2024-07-13,ADD
85,A,2024-01-06,ADD
85,D,2024-04-05,ADD
85,D,2024-07-04,ADD
86,A,2024-01-29,ADD
86,D,2024-04-28,ADD
86,D,2024-07-27,ADD
87,A,2024-01-29,ADD
87,D,2024-04-28,ADD
87,D,2024-07-27,ADD
88,A,2024-01-23,ADD
88,D,2024-03-23,ADD
88,F,2024-05-22,ADD
88,D,2024-07-21,ADD
89,A,2024-01-05,ADD
89,D,2024-04-04,ADD
89,D,2024-07-03,ADD
90,A,2024-01-12,ADD
90,D,2024-03-12,ADD
90,D,2024-05-11,ADD
90,D,2024-07-10,ADD
91,A,2024-01-02,ADD
91,A,2024-03-02,ADD
91,D,2024-05-01,ADD
91,D,2024-06-30,ADD
92,A,2024-01-29,ADD
92,F,2024-03-29,ADD
92,D,2024-05-28,ADD
92,D,2024-07-27,ADD
93,A,2024-01-24,ADD
93,D,2024-04-23,ADD
93,D,2024-07-22,ADD
94,A,2024-01-23,ADD
94,D,2024-04-22,ADD
94,D,2024-07-21,ADD
95,A,2024-01-01,ADD
95,D,2024-03-01,ADD
95,C,2024-04-30,ADD
95,D,2024-06-29,ADD
96,A,2024-01-08,ADD
96,D,2024-04-07,ADD
96,D,2024-07-06,ADD
97,A,2024-01-31,ADD
97,D,2024-04-30,ADD
97,D,2024-07-29,ADD
98,A,2024-01-09,ADD
98,D,2024-04-08,ADD
98,D,2024-07-07,ADD
99,A,2024-01-14,ADD
99,D,2024-04-13,ADD
99,D,2024-07-12,ADD
100,A,2024-01-01,ADD
100,D,2024-03-31,ADD
100,D,2024-06-29,ADD
101,A,2024-01-05,ADD
101,D,2024-04-04,ADD
101,D,2024-07-03,ADD
102,A,2024-01-21,ADD
102,G,2024-03-21,ADD
102,D,2024-05-20,ADD
102,D,2024-07-19,ADD
103,A,2024-01-15,ADD
103,D,2024-04-14,ADD
103,D,2024-07-13,ADD
104,A,2024-01-21,ADD
104,D,2024-04-20,ADD
104,D,2024-07-19,ADD
105,A,2024-01-20,ADD
105,A,2024-03-20,ADD
105,D,2024-05-19,ADD
105,D,2024-07-18,ADD
106,A,2024-01-05,ADD
106,D,2024-03-05,ADD
106,D,2024-05-04,ADD
106,D,2024-07-03,ADD
107,A,2024-01-26,ADD
107,D,2024-03-26,ADD
107,G,2024-05-25,ADD
107,D,2024-07-24,ADD
108,A,2024-01-01,ADD
108,D,2024-03-31,ADD
108,D,2024-06-29,ADD
109,A,2024-01-06,ADD
109,D,2024-04-05,ADD
109,D,2024-07-04,ADD
110,A,2024-01-10,ADD
110,D,2024-03-10,ADD
110,G,2024-05-09,ADD
110,D,2024-07-08,ADD
111,A,2024-01-29,ADD
111,D,2024-04-28,ADD
111,D,2024-07-27,ADD
112,A,2024-01-31,ADD
112,D,2024-04-30,ADD
112,D,2024-07-29,ADD
113,A,2024-01-29,ADD
113,D,2024-04-28,ADD
113,D,2024-07-27,ADD
114,A,2024-01-27,ADD
114,D,2024-04-26,ADD
114,D,2024-07-25,ADD
115,A,2024-01-02,ADD
115,D,2024-03-02,ADD
115,B,2024-05-01,ADD
115,D,2024-06-30,ADD
116,A,2024-01-14,ADD
116,D,2024-04-13,ADD
116,D,2024-07-12,ADD
117,A,2024-01-21,ADD
117,D,2024-04-20,ADD
117,D,2024-07-19,ADD
118,A,2024-01-22,ADD
118,D,2024-04-21,ADD
118,D,2024-07-20,ADD
119,A,2024-01-14,ADD
119,D,2024-04-13,ADD
119,D,2024-07-12,ADD
120,A,2024-01-26,ADD
120,D,2024-04-25,ADD
120,D,2024-07-24,ADD
121,A,2024-01-02,ADD
121,D,2024-04-01,ADD
121,D,2024-06-30,ADD
122,A,2024-01-19,ADD
122,D,2024-03-19,ADD
122,C,2024-05-18,ADD
122,D,2024-07-17,ADD
123,A,2024-01-29,ADD
123,D,2024-04-28,ADD
123,D,2024-07-27,ADD
124,A,2024-01-01,ADD
124,D,2024-03-31,ADD
124,D,2024-06-29,ADD
125,A,2024-01-25,ADD
125,D,2024-04-24,ADD
125,D,2024-07-23,ADD
126,A,2024-01-03,ADD
126,D,2024-04-02,ADD
126,D,2024-07-01,ADD
127,A,2024-01-15,ADD
127,D,2024-04-14,ADD
127,D,2024-07-13,ADD
128,A,2024-01-08,ADD
128,D,2024-03-08,ADD
128,F,2024-05-07,ADD
128,D,2024-07-06,ADD
129,A,2024-01-19,ADD
129,D,2024-04-18,ADD
129,D,2024-07-17,ADD
130,A,2024-01-05,ADD
130,D,2024-04-04,ADD
130,D,2024-07-03,ADD
131,A,2024-01-05,ADD
131,D,2024-04-04,ADD
131,D,2024-07-03,ADD
132,A,2024-01-31,ADD
132,D,2024-04-30,ADD
132,D,2024-07-29,ADD
133,A,2024-01-02,ADD
133,D,2024-04-01,ADD
133,D,2024-06-30,ADD
134,A,2024-01-07,ADD
134,D,2024-04-06,ADD
134,D,2024-07-05,ADD
135,A,2024-01-18,ADD
135,D,2024-04-17,ADD
135,D,2024-07-16,ADD
136,A,2024-01-24,ADD
136,D,2024-03-24,ADD
136,F,2024-05-23,ADD
136,D,2024-07-22,ADD
137,A,2024-01-05,ADD
137,D,2024-04-04,ADD
137,D,2024-07-03,ADD
138,A,2024-01-25,ADD
138,D,2024-04-24,ADD
138,D,2024-07-23,ADD
139,A,2024-01-06,ADD
139,D,2024-04-05,ADD
139,D,2024-07-04,ADD
140,A,2024-01-31,ADD
140,D,2024-04-30,ADD
140,D,2024-07-29,ADD
141,A,2024-01-30,ADD
141,D,2024-04-29,ADD
141,D,2024-07-28,ADD
142,A,2024-01-20,ADD
142,D,2024-03-20,ADD
142,E,2024-05-19,ADD
142,D,2024-07-18,ADD
143,A,2024-01-10,ADD
143,D,2024-04-09,ADD
143,D,2024-07-08,ADD
144,A,2024-01-10,ADD
144,D,2024-04-09,ADD
144,D,2024-07-08,ADD
145,A,2024-01-26,ADD
145,E,2024-03-26,ADD
145,D,2024-05-25,ADD
145,D,2024-07-24,ADD
146,A,2024-01-07,ADD
146,F,2024-03-07,ADD
146,G,2024-05-06,ADD
146,D,2024-07-05,ADD
147,A,2024-01-31,ADD
147,D,2024-04-30,ADD
147,D,2024-07-29,ADD
148,A,2024-01-02,ADD
148,D,2024-03-02,ADD
148,G,2024-05-01,ADD
148,D,2024-06-30,ADD
149,A,2024-01-29,ADD
149,D,2024-04-28,ADD
149,D,2024-07-27,ADD
150,A,2024-01-03,ADD
150,D,2024-04-02,ADD
150,D,2024-07-01,ADD
151,A,2024-01-24,ADD
151,D,2024-04-23,ADD
151,D,2024-07-22,ADD
152,A,2024-01-04,ADD
152,D,2024-04-03,ADD
152,D,2024-07-02,ADD
153,A,2024-01-19,ADD
153,G,2024-03-19,ADD
153,D,2024-05-18,ADD
153,D,2024-07-17,ADD
154,A,2024-01-21,ADD
154,D,2024-04-20,ADD
154,D,2024-07-19,ADD
155,A,2024-01-28,ADD
155,D,2024-04-27,ADD
155,D,2024-07-26,ADD
156,A,2024-01-15,ADD
156,D,2024-04-14,ADD
156,D,2024-07-13,ADD
157,A,2024-01-02,ADD
157,D,2024-04-01,ADD
157,D,2024-06-30,ADD
158,A,2024-01-25,ADD
158,D,2024-04-24,ADD
158,D,2024-07-23,ADD
159,A,2024-01-17,ADD
159,D,2024-04-16,ADD
159,D,2024-07-15,ADD
160,A,2024-01-16,ADD
160,D,2024-04-15,ADD
160,D,2024-07-14,ADD
161,A,2024-01-23,ADD
161,D,2024-04-22,ADD
161,D,2024-07-21,ADD
162,A,2024-01-25,ADD
162,D,2024-03-25,ADD
162,G,2024-05-24,ADD
162,D,2024-07-23,ADD
163,A,2024-01-17,ADD
163,D,2024-04-16,ADD
163,D,2024-07-15,ADD
164,A,2024-01-09,ADD
164,D,2024-04-08,ADD
164,D,2024-07-07,ADD
165,A,2024-01-14,ADD
165,D,2024-04-13,ADD
165,D,2024-07-12,ADD
166,A,2024-01-20,ADD
166,D,2024-04-19,ADD
166,D,2024-07-18,ADD
167,A,2024-01-14,ADD
167,G,2024-03-14,ADD
167,D,2024-05-13,ADD
167,D,2024-07-12,ADD
168,A,2024-01-19,ADD
168,D,2024-04-18,ADD
168,D,2024-07-17,ADD
169,A,2024-01-01,ADD
169,D,2024-03-31,ADD
169,D,2024-06-29,ADD
170,A,2024-01-08,ADD
170,D,2024-04-07,ADD
170,D,2024-07-06,ADD
171,A,2024-01-04,ADD
171,D,2024-04-03,ADD
171,D,2024-07-02,ADD
172,A,2024-01-25,ADD
172,D,2024-04-24,ADD
172,D,2024-07-23,ADD
173,A,2024-01-23,ADD
173,D,2024-04-22,ADD
173,D,2024-07-21,ADD
174,A,2024-01-02,ADD
174,D,2024-04-01,ADD
174,D,2024-06-30,ADD
175,A,2024-01-08,ADD
175,D,2024-04-07,ADD
175,D,2024-07-06,ADD
176,A,2024-01-11,ADD
176,D,2024-04-10,ADD
176,D,2024-07-09,ADD
177,A,2024-01-23,ADD
177,D,2024-04-22,ADD
177,D,2024-07-21,ADD
178,A,2024-01-09,ADD
178,D,2024-04-08,ADD
178,D,2024-07-07,ADD
179,A,2024-01-25,ADD
179,D,2024-04-24,ADD
179,D,2024-07-23,ADD
180,A,2024-01-22,ADD
180,A,2024-03-22,ADD
180,D,2024-05-21,ADD
180,D,2024-07-20,ADD
181,A,2024-01-15,ADD
181,D,2024-04-14,ADD
181,D,2024-07-13,ADD
182,A,2024-01-09,ADD
182,D,2024-04-08,ADD
182,D,2024-07-07,ADD
183,A,2024-01-09,ADD
183,D,2024-04-08,ADD
183,D,2024-07-07,ADD
184,A,2024-01-04,ADD
184,C,2024-03-04,ADD
184,D,2024-05-03,ADD
184,D,2024-07-02,ADD
185,A,2024-01-30,ADD
185,D,2024-04-29,ADD
185,D,2024-07-28,ADD
186,A,2024-01-10,ADD
186,D,2024-04-09,ADD
186,D,2024-07-08,ADD
187,A,2024-01-01,ADD
187,D,2024-03-31,ADD
187,D,2024-06-29,ADD
188,A,2024-01-03,ADD
188,D,2024-04-02,ADD
188,D,2024-07-01,ADD
189,A,2024-01-07,ADD
189,D,2024-04-06,ADD
189,D,2024-07-05,ADD
190,A,2024-01-16,ADD
190,D,2024-04-15,ADD
190,D,2024-07-14,ADD
191,A,2024-01-23,ADD
191,D,2024-04-22,ADD
191,D,2024-07-21,ADD
192,A,2024-01-23,ADD
192,D,2024-04-22,ADD
192,D,2024-07-21,ADD
193,A,2024-01-15,ADD
193,D,2024-04-14,ADD
193,D,2024-07-13,ADD
194,A,2024-01-27,ADD
194,D,2024-04-26,ADD
194,D,2024-07-25,ADD
195,A,2024-01-05,ADD
195,D,2024-04-04,ADD
195,D,2024-07-03,ADD
196,A,2024-01-18,ADD
196,D,2024-04-17,ADD
196,D,2024-07-16,ADD
197,A,2024-01-13,ADD
197,D,2024-04-12,ADD
197,D,2024-07-11,ADD
198,A,2024-01-16,ADD
198,D,2024-04-15,ADD
198,D,2024-07-14,ADD
199,A,2024-01-17,ADD
199,D,2024-04-16,ADD
199,D,2024-07-15,ADD
200,A,2024-01-07,ADD
200,D,2024-04-06,ADD
200,D,2024-07-05,ADD
201,A,2024-01-17,ADD
201,D,2024-04-16,ADD
201,D,2024-07-15,ADD
202,A,2024-01-15,ADD
202,D,2024-04-14,ADD
202,D,2024-07-13,ADD
203,A,2024-01-15,ADD
203,E,2024-03-15,ADD
203,E,2024-05-14,ADD
203,D,2024-07-13,ADD
204,A,2024-01-20,ADD
204,D,2024-04-19,ADD
204,D,2024-07-18,ADD
205,A,2024-01-06,ADD
205,D,2024-04-05,ADD
205,D,2024-07-04,ADD
206,A,2024-01-31,ADD
206,D,2024-04-30,ADD
206,D,2024-07-29,ADD
207,A,2024-01-07,ADD
207,D,2024-04-06,ADD
207,D,2024-07-05,ADD
208,A,2024-01-01,ADD
208,A,2024-03-01,ADD
208,D,2024-04-30,ADD
208,D,2024-06-29,ADD
209,A,2024-01-12,ADD
209,D,2024-04-11,ADD
209,D,2024-07-10,ADD
210,A,2024-01-13,ADD
210,D,2024-04-12,ADD
210,D,2024-07-11,ADD
211,A,2024-01-09,ADD
211,D,2024-04-08,ADD
211,D,2024-07-07,ADD
212,A,2024-01-22,ADD
212,D,2024-04-21,ADD
212,D,2024-07-20,ADD
213,A,2024-01-28,ADD
213,D,2024-04-27,ADD
213,D,2024-07-26,ADD
214,A,2024-01-11,ADD
214,D,2024-04-10,ADD
214,D,2024-07-09,ADD
215,A,2024-01-03,ADD
215,D,2024-04-02,ADD
215,D,2024-07-01,ADD
216,A,2024-01-13,ADD
216,D,2024-04-12,ADD
216,D,2024-07-11,ADD
217,A,2024-01-26,ADD
217,D,2024-04-25,ADD
217,D,2024-07-24,ADD
218,A,2024-01-23,ADD
218,G,2024-03-23,ADD
218,D,2024-05-22,ADD
218,D,2024-07-21,ADD
219,A,2024-01-18,ADD
219,D,2024-03-18,ADD
219,D,2024-05-17,ADD
219,D,2024-07-16,ADD
220,A,2024-01-25,ADD
220,D,2024-04-24,ADD
220,D,2024-07-23,ADD
221,A,2024-01-17,ADD
221,D,2024-04-16,ADD
221,D,2024-07-15,ADD
222,A,2024-01-10,ADD
222,D,2024-04-09,ADD
222,D,2024-07-08,ADD
223,A,2024-01-05,ADD
223,D,2024-04-04,ADD
223,D,2024-07-03,ADD
224,A,2024-01-07,ADD
224,D,2024-04-06,ADD
224,D,2024-07-05,ADD
225,A,2024-01-17,ADD
225,D,2024-04-16,ADD
225,D,2024-07-15,ADD
226,A,2024-01-06,ADD
226,D,2024-04-05,ADD
226,D,2024-07-04,ADD
227,A,2024-01-15,ADD
227,D,2024-04-14,ADD
227,D,2024-07-13,ADD
228,A,2024-01-12,ADD
228,D,2024-03-12,ADD
228,C,2024-05-11,ADD
228,D,2024-07-10,ADD
229,A,2024-01-12,ADD
229,D,2024-04-11,ADD
229,D,2024-07-10,ADD
230,A,2024-01-12,ADD
230,D,2024-04-11,ADD
230,D,2024-07-10,ADD
231,A,2024-01-28,ADD
231,D,2024-04-27,ADD
231,D,2024-07-26,ADD
232,A,2024-01-15,ADD
232,D,2024-04-14,ADD
232,D,2024-07-13,ADD
233,A,2024-01-21,ADD
233,D,2024-03-21,ADD
233,G,2024-05-20,ADD
233,D,2024-07-19,ADD
234,A,2024-01-21,ADD
234,D,2024-04-20,ADD
234,D,2024-07-19,ADD
235,A,2024-01-28,ADD
235,D,2024-04-27,ADD
235,D,2024-07-26,ADD
236,A,2024-01-29,ADD
236,D,2024-03-29,ADD
236,B,2024-05-28,ADD
236,D,2024-07-27,ADD
237,A,2024-01-02,ADD
237,A,2024-03-02,ADD
237,A,2024-05-01,ADD
237,D,2024-06-30,ADD
238,A,2024-01-13,ADD
238,D,2024-04-12,ADD
238,D,2024-07-11,ADD
239,A,2024-01-20,ADD
239,D,2024-04-19,ADD
239,D,2024-07-18,ADD
240,A,2024-01-12,ADD
240,D,2024-04-11,ADD
240,D,2024-07-10,ADD
241,A,2024-01-01,ADD
241,D,2024-03-31,ADD
241,D,2024-06-29,ADD
242,A,2024-01-17,ADD
242,D,2024-04-16,ADD
242,D,2024-07-15,ADD
243,A,2024-01-17,ADD
243,F,2024-03-17,ADD
243,D,2024-05-16,ADD
243,D,2024-07-15,ADD
244,A,2024-01-22,ADD
244,D,2024-04-21,ADD
244,D,2024-07-20,ADD
245,A,2024-01-31,ADD
245,D,2024-04-30,ADD
245,D,2024-07-29,ADD
246,A,2024-01-18,ADD
246,D,2024-04-17,ADD
246,D,2024-07-16,ADD
247,A,2024-01-27,ADD
247,D,2024-04-26,ADD
247,D,2024-07-25,ADD
248,A,2024-01-10,ADD
248,D,2024-04-09,ADD
248,D,2024-07-08,ADD
249,A,2024-01-18,ADD
249,D,2024-04-17,ADD
249,D,2024-07-16,ADD
250,A,2024-01-14,ADD
250,D,2024-04-13,ADD
250,D,2024-07-12,ADD
251,A,2024-01-22,ADD
251,D,2024-04-21,ADD
251,D,2024-07-20,ADD
252,A,2024-01-30,ADD
252,D,2024-04-29,ADD
252,D,2024-07-28,ADD
253,A,2024-01-20,ADD
253,D,2024-04-19,ADD
253,D,2024-07-18,ADD
254,A,2024-01-25,ADD
254,D,2024-04-24,ADD
254,D,2024-07-23,ADD
255,A,2024-01-14,ADD
255,D,2024-04-13,ADD
255,D,2024-07-12,ADD
256,A,2024-01-15,ADD
256,D,2024-04-14,ADD
256,D,2024-07-13,ADD
257,A,2024-01-22,ADD
257,D,2024-04-21,ADD
257,D,2024-07-20,ADD
258,A,2024-01-08,ADD
258,D,2024-04-07,ADD
258,D,2024-07-06,ADD
259,A,2024-01-15,ADD
259,D,2024-04-14,ADD
259,D,2024-07-13,ADD
260,A,2024-01-03,ADD
260,D,2024-04-02,ADD
260,D,2024-07-01,ADD
261,A,2024-01-08,ADD
261,D,2024-04-07,ADD
261,D,2024-07-06,ADD
262,A,2024-01-01,ADD
262,D,2024-03-31,ADD
262,D,2024-06-29,ADD
263,A,2024-01-08,ADD
263,D,2024-04-07,ADD
263,D,2024-07-06,ADD
264,A,2024-01-12,ADD
264,D,2024-04-11,ADD
264,D,2024-07-10,ADD
265,A,2024-01-24,ADD
265,F,2024-03-24,ADD
265,D,2024-05-23,ADD
265,D,2024-07-22,ADD
266,A,2024-01-12,ADD
266,D,2024-04-11,ADD
266,D,2024-07-10,ADD
267,A,2024-01-03,ADD
267,D,2024-04-02,ADD
267,D,2024-07-01,ADD
268,A,2024-01-15,ADD
268,D,2024-04-14,ADD
268,D,2024-07-13,ADD
269,A,2024-01-12,ADD
269,D,2024-04-11,ADD
269,D,2024-07-10,ADD
270,A,2024-01-14,ADD
270,D,2024-04-13,ADD
270,D,2024-07-12,ADD
271,A,2024-01-03,ADD
271,D,2024-04-02,ADD
271,D,2024-07-01,ADD
272,A,2024-01-13,ADD
272,D,2024-04-12,ADD
272,D,2024-07-11,ADD
273,A,2024-01-03,ADD
273,D,2024-04-02,ADD
273,D,2024-07-01,ADD
274,A,2024-01-18,ADD
274,D,2024-03-18,ADD
274,F,2024-05-17,ADD
274,D,2024-07-16,ADD
275,A,2024-01-02,ADD
275,D,2024-04-01,ADD
275,D,2024-06-30,ADD
276,A,2024-01-23,ADD
276,D,2024-04-22,ADD
276,D,2024-07-21,ADD
277,A,2024-01-12,ADD
277,D,2024-04-11,ADD
277,D,2024-07-10,ADD
278,A,2024-01-14,ADD
278,D,2024-04-13,ADD
278,D,2024-07-12,ADD
279,A,2024-01-27,ADD
279,D,2024-04-26,ADD
279,D,2024-07-25,ADD
280,A,2024-01-23,ADD
280,D,2024-04-22,ADD
280,D,2024-07-21,ADD
281,A,2024-01-06,ADD
281,D,2024-04-05,ADD
281,D,2024-07-04,ADD
282,A,2024-01-08,ADD
282,D,2024-04-07,ADD
282,D,2024-07-06,ADD
283,A,2024-01-30,ADD
283,D,2024-04-29,ADD
283,D,2024-07-28,ADD
284,A,2024-01-24,ADD
284,D,2024-03-24,ADD
284,G,2024-05-23,ADD
284,D,2024-07-22,ADD
285,A,2024-01-23,ADD
285,D,2024-04-22,ADD
285,D,2024-07-21,ADD
286,A,2024-01-21,ADD
286,D,2024-03-21,ADD
286,E,2024-05-20,ADD
286,D,2024-07-19,ADD
287,A,2024-01-30,ADD
287,D,2024-04-29,ADD
287,D,2024-07-28,ADD
288,A,2024-01-16,ADD
288,D,2024-04-15,ADD
288,D,2024-07-14,ADD
289,A,2024-01-07,ADD
289,G,2024-03-07,ADD
289,D,2024-05-06,ADD
289,D,2024-07-05,ADD
290,A,2024-01-23,ADD
290,D,2024-04-22,ADD
290,D,2024-07-21,ADD
291,A,2024-01-30,ADD
291,D,2024-03-30,ADD
291,F,2024-05-29,ADD
291,D,2024-07-28,ADD
292,A,2024-01-30,ADD
292,D,2024-04-29,ADD
292,D,2024-07-28,ADD
293,A,2024-01-11,ADD
293,D,2024-04-10,ADD
293,D,2024-07-09,ADD
294,A,2024-01-26,ADD
294,D,2024-04-25,ADD
294,D,2024-07-24,ADD
295,A,2024-01-20,ADD
295,D,2024-03-20,ADD
295,D,2024-05-19,ADD
295,D,2024-07-18,ADD
296,A,2024-01-07,ADD
296,D,2024-03-07,ADD
296,F,2024-05-06,ADD
296,D,2024-07-05,ADD
297,A,2024-01-21,ADD
297,D,2024-04-20,ADD
297,D,2024-07-19,ADD
298,A,2024-01-01,ADD
298,D,2024-03-31,ADD
298,D,2024-06-29,ADD
299,A,2024-01-09,ADD
299,D,2024-03-09,ADD
299,D,2024-05-08,ADD
299,D,2024-07-07,ADD
300,A,2024-01-03,ADD
300,D,2024-04-02,ADD
300,D,2024-07-01,ADD
301,A,2024-01-11,ADD
301,D,2024-04-10,ADD
301,D,2024-07-09,ADD
302,A,2024-01-23,ADD
302,D,2024-04-22,ADD
302,D,2024-07-21,ADD
303,A,2024-01-18,ADD
303,B,2024-03-18,ADD
303,D,2024-05-17,ADD
303,D,2024-07-16,ADD
304,A,2024-01-16,ADD
304,D,2024-04-15,ADD
304,D,2024-07-14,ADD
305,A,2024-01-12,ADD
305,A,2024-03-12,ADD
305,D,2024-05-11,ADD
305,D,2024-07-10,ADD
306,A,2024-01-09,ADD
306,G,2024-03-09,ADD
306,D,2024-05-08,ADD
306,D,2024-07-07,ADD
307,A,2024-01-06,ADD
307,D,2024-04-05,ADD
307,D,2024-07-04,ADD
308,A,2024-01-26,ADD
308,D,2024-04-25,ADD
308,D,2024-07-24,ADD
309,A,2024-01-09,ADD
309,D,2024-04-08,ADD
309,D,2024-07-07,ADD
310,A,2024-01-12,ADD
310,D,2024-04-11,ADD
310,D,2024-07-10,ADD
311,A,2024-01-10,ADD
311,D,2024-04-09,ADD
311,D,2024-07-08,ADD
312,A,2024-01-24,ADD
312,D,2024-04-23,ADD
312,D,2024-07-22,ADD
313,A,2024-01-14,ADD
313,D,2024-04-13,ADD
313,D,2024-07-12,ADD
314,A,2024-01-28,ADD
314,D,2024-04-27,ADD
314,D,2024-07-26,ADD
315,A,2024-01-11,ADD
315,D,2024-03-11,ADD
315,B,2024-05-10,ADD
315,D,2024-07-09,ADD
316,A,2024-01-14,ADD
316,D,2024-03-14,ADD
316,B,2024-05-13,ADD
316,D,2024-07-12,ADD
317,A,2024-01-19,ADD
317,G,2024-03-19,ADD
317,D,2024-05-18,ADD
317,D,2024-07-17,ADD
318,A,2024-01-08,ADD
318,D,2024-04-07,ADD
318,D,2024-07-06,ADD
319,A,2024-01-25,ADD
319,D,2024-04-24,ADD
319,D,2024-07-23,ADD
320,A,2024-01-24,ADD
320,D,2024-04-23,ADD
320,D,2024-07-22,ADD
321,A,2024-01-08,ADD
321,D,2024-03-08,ADD
321,B,2024-05-07,ADD
321,D,2024-07-06,ADD
322,A,2024-01-11,ADD
322,D,2024-04-10,ADD
322,D,2024-07-09,ADD
323,A,2024-01-22,ADD
323,D,2024-04-21,ADD
323,D,2024-07-20,ADD
324,A,2024-01-16,ADD
324,D,2024-04-15,ADD
324,D,2024-07-14,ADD
325,A,2024-01-06,ADD
325,D,2024-03-06,ADD
325,E,2024-05-05,ADD
325,D,2024-07-04,ADD
326,A,2024-01-18,ADD
326,D,2024-04-17,ADD
326,D,2024-07-16,ADD
327,A,2024-01-19,ADD
327,D,2024-04-18,ADD
327,D,2024-07-17,ADD
328,A,2024-01-26,ADD
328,D,2024-03-26,ADD
328,G,2024-05-25,ADD
328,D,2024-07-24,ADD
329,A,2024-01-26,ADD
329,D,2024-04-25,ADD
329,D,2024-07-24,ADD
330,A,2024-01-14,ADD
330,D,2024-04-13,ADD
330,D,2024-07-12,ADD
331,A,2024-01-21,ADD
331,D,2024-04-20,ADD
331,D,2024-07-19,ADD
332,A,2024-01-29,ADD
332,D,2024-04-28,ADD
332,D,2024-07-27,ADD
333,A,2024-01-09,ADD
333,D,2024-04-08,ADD
333,D,2024-07-07,ADD
334,A,2024-01-29,ADD
334,D,2024-04-28,ADD
334,D,2024-07-27,ADD
335,A,2024-01-18,ADD
335,G,2024-03-18,ADD
335,D,2024-05-17,ADD
335,D,2024-07-16,ADD
336,A,2024-01-26,ADD
336,D,2024-04-25,ADD
336,D,2024-07-24,ADD
337,A,2024-01-13,ADD
337,D,2024-04-12,ADD
337,D,2024-07-11,ADD
338,A,2024-01-18,ADD
338,D,2024-04-17,ADD
338,D,2024-07-16,ADD
339,A,2024-01-24,ADD
339,D,2024-04-23,ADD
339,D,2024-07-22,ADD
340,A,2024-01-09,ADD
340,D,2024-03-09,ADD
340,E,2024-05-08,ADD
340,D,2024-07-07,ADD
341,A,2024-01-30,ADD
341,D,2024-04-29,ADD
341,D,2024-07-28,ADD
342,A,2024-01-21,ADD
342,D,2024-04-20,ADD
342,D,2024-07-19,ADD
343,A,2024-01-04,ADD
343,D,2024-04-03,ADD
343,D,2024-07-02,ADD
344,A,2024-01-07,ADD
344,D,2024-04-06,ADD
344,D,2024-07-05,ADD
345,A,2024-01-12,ADD
345,D,2024-04-11,ADD
345,D,2024-07-10,ADD
346,A,2024-01-09,ADD
346,D,2024-04-08,ADD
346,D,2024-07-07,ADD
347,A,2024-01-02,ADD
347,D,2024-04-01,ADD
347,D,2024-06-30,ADD
348,A,2024-01-20,ADD
348,D,2024-03-20,ADD
348,G,2024-05-19,ADD
348,D,2024-07-18,ADD
349,A,2024-01-05,ADD
349,D,2024-04-04,ADD
349,D,2024-07-03,ADD
350,A,2024-01-19,ADD
350,D,2024-04-18,ADD
350,D,2024-07-17,ADD
351,A,2024-01-06,ADD
351,D,2024-04-05,ADD
351,D,2024-07-04,ADD
352,A,2024-01-26,ADD
352,D,2024-04-25,ADD
352,D,2024-07-24,ADD
353,A,2024-01-02,ADD
353,D,2024-04-01,ADD
353,D,2024-06-30,ADD
354,A,2024-01-28,ADD
354,D,2024-04-27,ADD
354,D,2024-07-26,ADD
355,A,2024-01-07,ADD
355,D,2024-04-06,ADD
355,D,2024-07-05,ADD
356,A,2024-01-02,ADD
356,D,2024-03-02,ADD
356,B,2024-05-01,ADD
356,D,2024-06-30,ADD
357,A,2024-01-28,ADD
357,E,2024-03-28,ADD
357,D,2024-05-27,ADD
357,D,2024-07-26,ADD
358,A,2024-01-05,ADD
358,G,2024-03-05,ADD
358,D,2024-05-04,ADD
358,D,2024-07-03,ADD
359,A,2024-01-05,ADD
359,D,2024-04-04,ADD
359,D,2024-07-03,ADD
360,A,2024-01-25,ADD
360,C,2024-03-25,ADD
360,D,2024-05-24,ADD
360,D,2024-07-23,ADD
361,A,2024-01-25,ADD
361,D,2024-04-24,ADD
361,D,2024-07-23,ADD
362,A,2024-01-22,ADD
362,D,2024-04-21,ADD
362,D,2024-07-20,ADD
363,A,2024-01-17,ADD
363,D,2024-04-16,ADD
363,D,2024-07-15,ADD
364,A,2024-01-18,ADD
364,D,2024-04-17,ADD
364,D,2024-07-16,ADD
365,A,2024-01-19,ADD
365,D,2024-03-19,ADD
365,F,2024-05-18,ADD
365,D,2024-07-17,ADD
366,A,2024-01-04,ADD
366,D,2024-04-03,ADD
366,D,2024-07-02,ADD
367,A,2024-01-15,ADD
367,E,2024-03-15,ADD
367,D,2024-05-14,ADD
367,D,2024-07-13,ADD
368,A,2024-01-25,ADD
368,D,2024-04-24,ADD
368,D,2024-07-23,ADD
369,A,2024-01-07,ADD
369,D,2024-04-06,ADD
369,D,2024-07-05,ADD
370,A,2024-01-21,ADD
370,D,2024-04-20,ADD
370,D,2024-07-19,ADD
371,A,2024-01-04,ADD
371,D,2024-04-03,ADD
371,D,2024-07-02,ADD
372,A,2024-01-22,ADD
372,D,2024-04-21,ADD
372,D,2024-07-20,ADD
373,A,2024-01-04,ADD
373,D,2024-04-03,ADD
373,D,2024-07-02,ADD
374,A,2024-01-06,ADD
374,D,2024-03-06,ADD
374,E,2024-05-05,ADD
374,D,2024-07-04,ADD
375,A,2024-01-02,ADD
375,D,2024-04-01,ADD
375,D,2024-06-30,ADD
376,A,2024-01-06,ADD
376,D,2024-04-05,ADD
376,D,2024-07-04,ADD
377,A,2024-01-30,ADD
377,D,2024-04-29,ADD
377,D,2024-07-28,ADD
378,A,2024-01-16,ADD
378,D,2024-04-15,ADD
378,D,2024-07-14,ADD
379,A,2024-01-25,ADD
379,D,2024-04-24,ADD
379,D,2024-07-23,ADD
380,A,2024-01-30,ADD
380,D,2024-03-30,ADD
380,A,2024-05-29,ADD
380,D,2024-07-28,ADD
381,A,2024-01-03,ADD
381,D,2024-04-02,ADD
381,D,2024-07-01,ADD
382,A,2024-01-10,ADD
382,E,2024-03-10,ADD
382,D,2024-05-09,ADD
382,D,2024-07-08,ADD
383,A,2024-01-29,ADD
383,D,2024-04-28,ADD
383,D,2024-07-27,ADD
384,A,2024-01-09,ADD
384,D,2024-04-08,ADD
384,D,2024-07-07,ADD
385,A,2024-01-24,ADD
385,D,2024-04-23,ADD
385,D,2024-07-22,ADD
386,A,2024-01-12,ADD
386,D,2024-04-11,ADD
386,D,2024-07-10,ADD
387,A,2024-01-01,ADD
387,D,2024-03-31,ADD
387,D,2024-06-29,ADD
388,A,2024-01-30,ADD
388,C,2024-03-30,ADD
388,D,2024-05-29,ADD
388,D,2024-07-28,ADD
389,A,2024-01-04,ADD
389,D,2024-04-03,ADD
389,D,2024-07-02,ADD
390,A,2024-01-09,ADD
390,D,2024-04-08,ADD
390,D,2024-07-07,ADD
391,A,2024-01-19,ADD
391,D,2024-03-19,ADD
391,A,2024-05-18,ADD
391,D,2024-07-17,ADD
392,A,2024-01-04,ADD
392,D,2024-04-03,ADD
392,D,2024-07-02,ADD
393,A,2024-01-04,ADD
393,D,2024-04-03,ADD
393,D,2024-07-02,ADD
394,A,2024-01-19,ADD
394,D,2024-03-19,ADD
394,A,2024-05-18,ADD
394,D,2024-07-17,ADD
395,A,2024-01-23,ADD
395,D,2024-04-22,ADD
395,D,2024-07-21,ADD
396,A,2024-01-17,ADD
396,D,2024-04-16,ADD
396,D,2024-07-15,ADD
397,A,2024-01-03,ADD
397,D,2024-04-02,ADD
397,D,2024-07-01,ADD
398,A,2024-01-31,ADD
398,C,2024-03-31,ADD
398,G,2024-05-30,ADD
398,D,2024-07-29,ADD
399,A,2024-01-26,ADD
399,D,2024-04-25,ADD
399,D,2024-07-24,ADD
400,A,2024-01-04,ADD
400,D,2024-04-03,ADD
400,D,2024-07-02,ADD
401,A,2024-01-24,ADD
401,D,2024-04-23,ADD
401,D,2024-07-22,ADD
402,A,2024-01-26,ADD
402,D,2024-04-25,ADD
402,D,2024-07-24,ADD
403,A,2024-01-18,ADD
403,D,2024-04-17,ADD
403,D,2024-07-16,ADD
404,A,2024-01-22,ADD
404,D,2024-04-21,ADD
404,D,2024-07-20,ADD
405,A,2024-01-20,ADD
405,D,2024-04-19,ADD
405,D,2024-07-18,ADD
406,A,2024-01-20,ADD
406,D,2024-04-19,ADD
406,D,2024-07-18,ADD
407,A,2024-01-25,ADD
407,D,2024-04-24,ADD
407,D,2024-07-23,ADD
408,A,2024-01-28,ADD
408,D,2024-04-27,ADD
408,D,2024-07-26,ADD
409,A,2024-01-14,ADD
409,D,2024-04-13,ADD
409,D,2024-07-12,ADD
410,A,2024-01-08,ADD
410,D,2024-04-07,ADD
410,D,2024-07-06,ADD
411,A,2024-01-31,ADD
411,D,2024-04-30,ADD
411,D,2024-07-29,ADD
412,A,2024-01-01,ADD
412,D,2024-03-31,ADD
412,D,2024-06-29,ADD
413,A,2024-01-06,ADD
413,D,2024-04-05,ADD
413,D,2024-07-04,ADD
414,A,2024-01-19,ADD
414,D,2024-04-18,ADD
414,D,2024-07-17,ADD
415,A,2024-01-13,ADD
415,D,2024-03-13,ADD
415,F,2024-05-12,ADD
415,D,2024-07-11,ADD
416,A,2024-01-18,ADD
416,D,2024-04-17,ADD
416,D,2024-07-16,ADD
417,A,2024-01-08,ADD
417,D,2024-04-07,ADD
417,D,2024-07-06,ADD
418,A,2024-01-11,ADD
418,D,2024-04-10,ADD
418,D,2024-07-09,ADD
419,A,2024-01-27,ADD
419,D,2024-04-26,ADD
419,D,2024-07-25,ADD
420,A,2024-01-09,ADD
420,D,2024-04-08,ADD
420,D,2024-07-07,ADD
421,A,2024-01-13,ADD
421,F,2024-03-13,ADD
421,F,2024-05-12,ADD
421,D,2024-07-11,ADD
422,A,2024-01-28,ADD
422,D,2024-04-27,ADD
422,D,2024-07-26,ADD
423,A,2024-01-15,ADD
423,D,2024-04-14,ADD
423,D,2024-07-13,ADD
424,A,2024-01-25,ADD
424,D,2024-04-24,ADD
424,D,2024-07-23,ADD
425,A,2024-01-10,ADD
425,D,2024-04-09,ADD
425,D,2024-07-08,ADD
426,A,2024-01-03,ADD
426,A,2024-03-03,ADD
426,D,2024-05-02,ADD
426,D,2024-07-01,ADD
427,A,2024-01-14,ADD
427,D,2024-04-13,ADD
427,D,2024-07-12,ADD
428,A,2024-01-13,ADD
428,D,2024-04-12,ADD
428,D,2024-07-11,ADD
429,A,2024-01-18,ADD
429,D,2024-04-17,ADD
429,D,2024-07-16,ADD
430,A,2024-01-01,ADD
430,D,2024-03-31,ADD
430,D,2024-06-29,ADD
431,A,2024-01-07,ADD
431,D,2024-03-07,ADD
431,B,2024-05-06,ADD
431,D,2024-07-05,ADD
432,A,2024-01-23,ADD
432,D,2024-04-22,ADD
432,D,2024-07-21,ADD
433,A,2024-01-14,ADD
433,D,2024-04-13,ADD
433,D,2024-07-12,ADD
434,A,2024-01-09,ADD
434,D,2024-04-08,ADD
434,D,2024-07-07,ADD
435,A,2024-01-08,ADD
435,D,2024-04-07,ADD
435,D,2024-07-06,ADD
436,A,2024-01-14,ADD
436,D,2024-04-13,ADD
436,D,2024-07-12,ADD
437,A,2024-01-20,ADD
437,D,2024-04-19,ADD
437,D,2024-07-18,ADD
438,A,2024-01-06,ADD
438,D,2024-04-05,ADD
438,D,2024-07-04,ADD
439,A,2024-01-26,ADD
439,D,2024-04-25,ADD
439,D,2024-07-24,ADD
440,A,2024-01-25,ADD
440,D,2024-04-24,ADD
440,D,2024-07-23,ADD
441,A,2024-01-01,ADD
441,B,2024-03-01,ADD
441,D,2024-04-30,ADD
441,D,2024-06-29,ADD
442,A,2024-01-28,ADD
442,D,2024-04-27,ADD
442,D,2024-07-26,ADD
443,A,2024-01-07,ADD
443,D,2024-04-06,ADD
443,D,2024-07-05,ADD
444,A,2024-01-30,ADD
444,D,2024-04-29,ADD
444,D,2024-07-28,ADD
445,A,2024-01-13,ADD
445,D,2024-04-12,ADD
445,D,2024-07-11,ADD
446,A,2024-01-02,ADD
446,D,2024-03-02,ADD
446,B,2024-05-01,ADD
446,D,2024-06-30,ADD
447,A,2024-01-09,ADD
447,D,2024-04-08,ADD
447,D,2024-07-07,ADD
448,A,2024-01-05,ADD
448,D,2024-04-04,ADD
448,D,2024-07-03,ADD
449,A,2024-01-07,ADD
449,D,2024-04-06,ADD
449,D,2024-07-05,ADD
450,A,2024-01-06,ADD
450,D,2024-04-05,ADD
450,D,2024-07-04,ADD
451,A,2024-01-08,ADD
451,D,2024-04-07,ADD
451,D,2024-07-06,ADD
452,A,2024-01-24,ADD
452,D,2024-04-23,ADD
452,D,2024-07-22,ADD
453,A,2024-01-16,ADD
453,D,2024-04-15,ADD
453,D,2024-07-14,ADD
454,A,2024-01-13,ADD
454,D,2024-04-12,ADD
454,D,2024-07-11,ADD
455,A,2024-01-09,ADD
455,D,2024-04-08,ADD
455,D,2024-07-07,ADD
456,A,2024-01-31,ADD
456,C,2024-03-31,ADD
456,D,2024-05-30,ADD
456,D,2024-07-29,ADD
457,A,2024-01-02,ADD
457,D,2024-04-01,ADD
457,D,2024-06-30,ADD
458,A,2024-01-08,ADD
458,D,2024-04-07,ADD
458,D,2024-07-06,ADD
459,A,2024-01-14,ADD
459,D,2024-04-13,ADD
459,D,2024-07-12,ADD
460,A,2024-01-05,ADD
460,D,2024-04-04,ADD
460,D,2024-07-03,ADD
461,A,2024-01-24,ADD
461,D,2024-04-23,ADD
461,D,2024-07-22,ADD
462,A,2024-01-18,ADD
462,D,2024-03-18,ADD
462,G,2024-05-17,ADD
462,D,2024-07-16,ADD
463,A,2024-01-20,ADD
463,D,2024-04-19,ADD
463,D,2024-07-18,ADD
464,A,2024-01-07,ADD
464,D,2024-04-06,ADD
464,D,2024-07-05,ADD
465,A,2024-01-07,ADD
465,D,2024-04-06,ADD
465,D,2024-07-05,ADD
466,A,2024-01-28,ADD
466,D,2024-04-27,ADD
466,D,2024-07-26,ADD
467,A,2024-01-24,ADD
467,D,2024-04-23,ADD
467,D,2024-07-22,ADD
468,A,2024-01-27,ADD
468,D,2024-03-27,ADD
468,D,2024-05-26,ADD
468,D,2024-07-25,ADD
469,A,2024-01-11,ADD
469,D,2024-04-10,ADD
469,D,2024-07-09,ADD
470,A,2024-01-10,ADD
470,D,2024-04-09,ADD
470,D,2024-07-08,ADD
471,A,2024-01-27,ADD
471,D,2024-03-27,ADD
471,G,2024-05-26,ADD
471,D,2024-07-25,ADD
472,A,2024-01-14,ADD
472,D,2024-04-13,ADD
472,D,2024-07-12,ADD
473,A,2024-01-31,ADD
473,D,2024-04-30,ADD
473,D,2024-07-29,ADD
474,A,2024-01-23,ADD
474,D,2024-04-22,ADD
474,D,2024-07-21,ADD
475,A,2024-01-01,ADD
475,F,2024-03-01,ADD
475,F,2024-04-30,ADD
475,D,2024-06-29,ADD
476,A,2024-01-25,ADD
476,D,2024-03-25,ADD
476,E,2024-05-24,ADD
476,D,2024-07-23,ADD
477,A,2024-01-30,ADD
477,D,2024-04-29,ADD
477,D,2024-07-28,ADD
478,A,2024-01-20,ADD
478,G,2024-03-20,ADD
478,D,2024-05-19,ADD
478,D,2024-07-18,ADD
479,A,2024-01-02,ADD
479,D,2024-04-01,ADD
479,D,2024-06-30,ADD
480,A,2024-01-08,ADD
480,D,2024-04-07,ADD
480,D,2024-07-06,ADD
481,A,2024-01-19,ADD
481,D,2024-04-18,ADD
481,D,2024-07-17,ADD
482,A,2024-01-28,ADD
482,D,2024-04-27,ADD
482,D,2024-07-26,ADD
483,A,2024-01-20,ADD
483,D,2024-04-19,ADD
483,D,2024-07-18,ADD
484,A,2024-01-29,ADD
484,C,2024-03-29,ADD
484,A,2024-05-28,ADD
484,D,2024-07-27,ADD
485,A,2024-01-24,ADD
485,D,2024-04-23,ADD
485,D,2024-07-22,ADD
486,A,2024-01-09,ADD
486,D,2024-04-08,ADD
486,D,2024-07-07,ADD
487,A,2024-01-07,ADD
487,D,2024-04-06,ADD
487,D,2024-07-05,ADD
488,A,2024-01-04,ADD
488,D,2024-04-03,ADD
488,D,2024-07-02,ADD
489,A,2024-01-20,ADD
489,D,2024-04-19,ADD
489,D,2024-07-18,ADD
490,A,2024-01-20,ADD
490,D,2024-04-19,ADD
490,D,2024-07-18,ADD
491,A,2024-01-11,ADD
491,D,2024-03-11,ADD
491,F,2024-05-10,ADD
491,D,2024-07-09,ADD
492,A,2024-01-05,ADD
492,D,2024-04-04,ADD
492,D,2024-07-03,ADD
493,A,2024-01-04,ADD
493,D,2024-04-03,ADD
493,D,2024-07-02,ADD
494,A,2024-01-02,ADD
494,D,2024-04-01,ADD
494,D,2024-06-30,ADD
495,A,2024-01-13,ADD
495,D,2024-04-12,ADD
495,D,2024-07-11,ADD
496,A,2024-01-21,ADD
496,D,2024-03-21,ADD
496,B,2024-05-20,ADD
496,D,2024-07-19,ADD
497,A,2024-01-26,ADD
497,D,2024-04-25,ADD
497,D,2024-07-24,ADD
498,A,2024-01-19,ADD
498,D,2024-04-18,ADD
498,D,2024-07-17,ADD
499,A,2024-01-24,ADD
499,D,2024-04-23,ADD
499,D,2024-07-22,ADD
500,A,2024-01-01,ADD
500,D,2024-03-31,ADD
500,D,2024-06-29,ADD
501,A,2024-01-27,ADD
501,D,2024-04-26,ADD
501,D,2024-07-25,ADD
502,A,2024-01-15,ADD
502,D,2024-04-14,ADD
502,D,2024-07-13,ADD
503,A,2024-01-27,ADD
503,D,2024-03-27,ADD
503,E,2024-05-26,ADD
503,D,2024-07-25,ADD
504,A,2024-01-29,ADD
504,D,2024-04-28,ADD
504,D,2024-07-27,ADD
505,A,2024-01-10,ADD
505,D,2024-04-09,ADD
505,D,2024-07-08,ADD
506,A,2024-01-29,ADD
506,D,2024-04-28,ADD
506,D,2024-07-27,ADD
507,A,2024-01-13,ADD
507,D,2024-04-12,ADD
507,D,2024-07-11,ADD
508,A,2024-01-11,ADD
508,D,2024-04-10,ADD
508,D,2024-07-09,ADD
509,A,2024-01-02,ADD
509,D,2024-04-01,ADD
509,D,2024-06-30,ADD
510,A,2024-01-28,ADD
510,D,2024-04-27,ADD
510,D,2024-07-26,ADD
511,A,2024-01-17,ADD
511,D,2024-04-16,ADD
511,D,2024-07-15,ADD
512,A,2024-01-11,ADD
512,D,2024-04-10,ADD
512,D,2024-07-09,ADD
513,A,2024-01-29,ADD
513,D,2024-04-28,ADD
513,D,2024-07-27,ADD
514,A,2024-01-02,ADD
514,D,2024-04-01,ADD
514,D,2024-06-30,ADD
515,A,2024-01-03,ADD
515,D,2024-04-02,ADD
515,D,2024-07-01,ADD
516,A,2024-01-21,ADD
516,D,2024-04-20,ADD
516,D,2024-07-19,ADD
517,A,2024-01-31,ADD
517,D,2024-04-30,ADD
517,D,2024-07-29,ADD
518,A,2024-01-24,ADD
518,D,2024-04-23,ADD
518,D,2024-07-22,ADD
519,A,2024-01-30,ADD
519,D,2024-04-29,ADD
519,D,2024-07-28,ADD
520,A,2024-01-30,ADD
520,D,2024-04-29,ADD
520,D,2024-07-28,ADD
521,A,2024-01-14,ADD
521,D,2024-04-13,ADD
521,D,2024-07-12,ADD
522,A,2024-01-02,ADD
522,D,2024-04-01,ADD
522,D,2024-06-30,ADD
523,A,2024-01-22,ADD
523,D,2024-04-21,ADD
523,D,2024-07-20,ADD
524,A,2024-01-31,ADD
524,D,2024-04-30,ADD
524,D,2024-07-29,ADD
525,A,2024-01-06,ADD
525,D,2024-04-05,ADD
525,D,2024-07-04,ADD
526,A,2024-01-14,ADD
526,D,2024-04-13,ADD
526,D,2024-07-12,ADD
527,A,2024-01-25,ADD
527,D,2024-04-24,ADD
527,D,2024-07-23,ADD
528,A,2024-01-02,ADD
528,D,2024-04-01,ADD
528,D,2024-06-30,ADD
529,A,2024-01-11,ADD
529,D,2024-04-10,ADD
529,D,2024-07-09,ADD
530,A,2024-01-25,ADD
530,D,2024-04-24,ADD
530,D,2024-07-23,ADD
531,A,2024-01-14,ADD
531,A,2024-03-14,ADD
531,D,2024-05-13,ADD
531,D,2024-07-12,ADD
532,A,2024-01-22,ADD
532,D,2024-03-22,ADD
532,D,2024-05-21,ADD
532,D,2024-07-20,ADD
533,A,2024-01-08,ADD
533,D,2024-04-07,ADD
533,D,2024-07-06,ADD
534,A,2024-01-21,ADD
534,D,2024-04-20,ADD
534,D,2024-07-19,ADD
535,A,2024-01-24,ADD
535,D,2024-04-23,ADD
535,D,2024-07-22,ADD
536,A,2024-01-05,ADD
536,D,2024-04-04,ADD
536,D,2024-07-03,ADD
537,A,2024-01-07,ADD
537,D,2024-04-06,ADD
537,D,2024-07-05,ADD
538,A,2024-01-23,ADD
538,D,2024-04-22,ADD
538,D,2024-07-21,ADD
539,A,2024-01-07,ADD
539,D,2024-03-07,ADD
539,B,2024-05-06,ADD
539,D,2024-07-05,ADD
540,A,2024-01-28,ADD
540,D,2024-04-27,ADD
540,D,2024-07-26,ADD
541,A,2024-01-13,ADD
541,D,2024-04-12,ADD
541,D,2024-07-11,ADD
542,A,2024-01-16,ADD
542,D,2024-04-15,ADD
542,D,2024-07-14,ADD
543,A,2024-01-17,ADD
543,D,2024-04-16,ADD
543,D,2024-07-15,ADD
544,A,2024-01-12,ADD
544,D,2024-04-11,ADD
544,D,2024-07-10,ADD
545,A,2024-01-14,ADD
545,D,2024-04-13,ADD
545,D,2024-07-12,ADD
546,A,2024-01-19,ADD
546,D,2024-04-18,ADD
546,D,2024-07-17,ADD
547,A,2024-01-05,ADD
547,D,2024-04-04,ADD
547,D,2024-07-03,ADD
548,A,2024-01-11,ADD
548,E,2024-03-11,ADD
548,F,2024-05-10,ADD
548,D,2024-07-09,ADD
549,A,2024-01-31,ADD
549,D,2024-04-30,ADD
549,D,2024-07-29,ADD
550,A,2024-01-04,ADD
550,D,2024-04-03,ADD
550,D,2024-07-02,ADD
551,A,2024-01-25,ADD
551,D,2024-04-24,ADD
551,D,2024-07-23,ADD
552,A,2024-01-07,ADD
552,D,2024-04-06,ADD
552,D,2024-07-05,ADD
553,A,2024-01-16,ADD
553,D,2024-04-15,ADD
553,D,2024-07-14,ADD
554,A,2024-01-20,ADD
554,D,2024-04-19,ADD
554,D,2024-07-18,ADD
555,A,2024-01-24,ADD
555,D,2024-04-23,ADD
555,D,2024-07-22,ADD
556,A,2024-01-11,ADD
556,D,2024-04-10,ADD
556,D,2024-07-09,ADD
557,A,2024-01-22,ADD
557,D,2024-04-21,ADD
557,D,2024-07-20,ADD
558,A,2024-01-26,ADD
558,D,2024-04-25,ADD
558,D,2024-07-24,ADD
559,A,2024-01-20,ADD
559,D,2024-04-19,ADD
559,D,2024-07-18,ADD
560,A,2024-01-13,ADD
560,D,2024-04-12,ADD
560,D,2024-07-11,ADD
561,A,2024-01-06,ADD
561,D,2024-04-05,ADD
561,D,2024-07-04,ADD
562,A,2024-01-12,ADD
562,F,2024-03-12,ADD
562,D,2024-05-11,ADD
562,D,2024-07-10,ADD
563,A,2024-01-09,ADD
563,D,2024-04-08,ADD
563,D,2024-07-07,ADD
564,A,2024-01-25,ADD
564,D,2024-04-24,ADD
564,D,2024-07-23,ADD
565,A,2024-01-16,ADD
565,D,2024-04-15,ADD
565,D,2024-07-14,ADD
566,A,2024-01-12,ADD
566,D,2024-04-11,ADD
566,D,2024-07-10,ADD
567,A,2024-01-10,ADD
567,D,2024-04-09,ADD
567,D,2024-07-08,ADD
568,A,2024-01-03,ADD
568,D,2024-04-02,ADD
568,D,2024-07-01,ADD
569,A,2024-01-20,ADD
569,D,2024-04-19,ADD
569,D,2024-07-18,ADD
570,A,2024-01-31,ADD
570,D,2024-03-31,ADD
570,B,2024-05-30,ADD
570,D,2024-07-29,ADD
571,A,2024-01-13,ADD
571,D,2024-04-12,ADD
571,D,2024-07-11,ADD
572,A,2024-01-22,ADD
572,D,2024-04-21,ADD
572,D,2024-07-20,ADD
573,A,2024-01-10,ADD
573,F,2024-03-10,ADD
573,D,2024-05-09,ADD
573,D,2024-07-08,ADD
574,A,2024-01-19,ADD
574,D,2024-04-18,ADD
574,D,2024-07-17,ADD
575,A,2024-01-23,ADD
575,D,2024-04-22,ADD
575,D,2024-07-21,ADD
576,A,2024-01-12,ADD
576,D,2024-04-11,ADD
576,D,2024-07-10,ADD
577,A,2024-01-29,ADD
577,D,2024-04-28,ADD
577,D,2024-07-27,ADD
578,A,2024-01-28,ADD
578,D,2024-04-27,ADD
578,D,2024-07-26,ADD
579,A,2024-01-03,ADD
579,D,2024-04-02,ADD
579,D,2024-07-01,ADD
580,A,2024-01-29,ADD
580,D,2024-03-29,ADD
580,E,2024-05-28,ADD
580,D,2024-07-27,ADD
581,A,2024-01-02,ADD
581,D,2024-03-02,ADD
581,E,2024-05-01,ADD
581,D,2024-06-30,ADD
582,A,2024-01-30,ADD
582,D,2024-04-29,ADD
582,D,2024-07-28,ADD
583,A,2024-01-29,ADD
583,D,2024-03-29,ADD
583,D,2024-05-28,ADD
583,D,2024-07-27,ADD
584,A,2024-01-13,ADD
584,D,2024-04-12,ADD
584,D,2024-07-11,ADD
585,A,2024-01-07,ADD
585,D,2024-04-06,ADD
585,D,2024-07-05,ADD
586,A,2024-01-16,ADD
586,D,2024-04-15,ADD
586,D,2024-07-14,ADD
587,A,2024-01-26,ADD
587,D,2024-04-25,ADD
587,D,2024-07-24,ADD
588,A,2024-01-31,ADD
588,D,2024-04-30,ADD
588,D,2024-07-29,ADD
589,A,2024-01-30,ADD
589,D,2024-04-29,ADD
589,D,2024-07-28,ADD
590,A,2024-01-21,ADD
590,D,2024-03-21,ADD
590,E,2024-05-20,ADD
590,D,2024-07-19,ADD
591,A,2024-01-02,ADD
591,G,2024-03-02,ADD
591,D,2024-05-01,ADD
591,D,2024-06-30,ADD
592,A,2024-01-20,ADD
592,A,2024-03-20,ADD
592,D,2024-05-19,ADD
592,D,2024-07-18,ADD
593,A,2024-01-29,ADD
593,D,2024-04-28,ADD
593,D,2024-07-27,ADD
594,A,2024-01-13,ADD
594,D,2024-04-12,ADD
594,D,2024-07-11,ADD
595,A,2024-01-31,ADD
595,C,2024-03-31,ADD
595,D,2024-05-30,ADD
595,D,2024-07-29,ADD
596,A,2024-01-29,ADD
596,D,2024-04-28,ADD
596,D,2024-07-27,ADD
597,A,2024-01-23,ADD
597,D,2024-04-22,ADD
597,D,2024-07-21,ADD
598,A,2024-01-05,ADD
598,A,2024-03-05,ADD
598,D,2024-05-04,ADD
598,D,2024-07-03,ADD
599,A,2024-01-04,ADD
599,B,2024-03-04,ADD
599,D,2024-05-03,ADD
599,D,2024-07-02,ADD
600,A,2024-01-25,ADD
600,F,2024-03-25,ADD
600,D,2024-05-24,ADD
600,D,2024-07-23,ADD
601,A,2024-01-02,ADD
601,D,2024-04-01,ADD
601,D,2024-06-30,ADD
602,A,2024-01-07,ADD
602,D,2024-04-06,ADD
602,D,2024-07-05,ADD
603,A,2024-01-27,ADD
603,D,2024-04-26,ADD
603,D,2024-07-25,ADD
604,A,2024-01-15,ADD
604,D,2024-04-14,ADD
604,D,2024-07-13,ADD
605,A,2024-01-04,ADD
605,D,2024-04-03,ADD
605,D,2024-07-02,ADD
606,A,2024-01-02,ADD
606,D,2024-04-01,ADD
606,D,2024-06-30,ADD
607,A,2024-01-19,ADD
607,F,2024-03-19,ADD
607,B,2024-05-18,ADD
607,D,2024-07-17,ADD
608,A,2024-01-01,ADD
608,D,2024-03-31,ADD
608,D,2024-06-29,ADD
609,A,2024-01-03,ADD
609,D,2024-04-02,ADD
609,D,2024-07-01,ADD
610,A,2024-01-31,ADD
610,D,2024-04-30,ADD
610,D,2024-07-29,ADD
611,A,2024-01-12,ADD
611,D,2024-04-11,ADD
611,D,2024-07-10,ADD
612,A,2024-01-01,ADD
612,D,2024-03-31,ADD
612,D,2024-06-29,ADD
613,A,2024-01-12,ADD
613,D,2024-04-11,ADD
613,D,2024-07-10,ADD
614,A,2024-01-24,ADD
614,D,2024-04-23,ADD
614,D,2024-07-22,ADD
615,A,2024-01-01,ADD
615,D,2024-03-31,ADD
615,D,2024-06-29,ADD
616,A,2024-01-22,ADD
616,D,2024-04-21,ADD
616,D,2024-07-20,ADD
617,A,2024-01-06,ADD
617,D,2024-04-05,ADD
617,D,2024-07-04,ADD
618,A,2024-01-27,ADD
618,D,2024-03-27,ADD
618,A,2024-05-26,ADD
618,D,2024-07-25,ADD
619,A,2024-01-05,ADD
619,D,2024-04-04,ADD
619,D,2024-07-03,ADD
620,A,2024-01-07,ADD
620,A,2024-03-07,ADD
620,A,2024-05-06,ADD
620,D,2024-07-05,ADD
621,A,2024-01-26,ADD
621,D,2024-04-25,ADD
621,D,2024-07-24,ADD
622,A,2024-01-24,ADD
622,D,2024-03-24,ADD
622,E,2024-05-23,ADD
622,D,2024-07-22,ADD
623,A,2024-01-30,ADD
623,D,2024-04-29,ADD
623,D,2024-07-28,ADD
624,A,2024-01-28,ADD
624,D,2024-04-27,ADD
624,D,2024-07-26,ADD
625,A,2024-01-09,ADD
625,D,2024-03-09,ADD
625,G,2024-05-08,ADD
625,D,2024-07-07,ADD
626,A,2024-01-07,ADD
626,D,2024-03-07,ADD
626,D,2024-05-06,ADD
626,D,2024-07-05,ADD
627,A,2024-01-23,ADD
627,D,2024-04-22,ADD
627,D,2024-07-21,ADD
628,A,2024-01-09,ADD
628,D,2024-04-08,ADD
628,D,2024-07-07,ADD
629,A,2024-01-14,ADD
629,D,2024-04-13,ADD
629,D,2024-07-12,ADD
630,A,2024-01-11,ADD
630,D,2024-03-11,ADD
630,G,2024-05-10,ADD
630,D,2024-07-09,ADD
631,A,2024-01-31,ADD
631,D,2024-04-30,ADD
631,D,2024-07-29,ADD
632,A,2024-01-21,ADD
632,D,2024-04-20,ADD
632,D,2024-07-19,ADD
633,A,2024-01-19,ADD
633,D,2024-04-18,ADD
633,D,2024-07-17,ADD
634,A,2024-01-29,ADD
634,D,2024-04-28,ADD
634,D,2024-07-27,ADD
635,A,2024-01-23,ADD
635,D,2024-04-22,ADD
635,D,2024-07-21,ADD
636,A,2024-01-24,ADD
636,D,2024-04-23,ADD
636,D,2024-07-22,ADD
637,A,2024-01-21,ADD
637,D,2024-04-20,ADD
637,D,2024-07-19,ADD
638,A,2024-01-02,ADD
638,D,2024-04-01,ADD
638,D,2024-06-30,ADD
639,A,2024-01-27,ADD
639,C,2024-03-27,ADD
639,D,2024-05-26,ADD
639,D,2024-07-25,ADD
640,A,2024-01-17,ADD
640,D,2024-04-16,ADD
640,D,2024-07-15,ADD
641,A,2024-01-18,ADD
641,D,2024-04-17,ADD
641,D,2024-07-16,ADD
642,A,2024-01-13,ADD
642,D,2024-04-12,ADD
642,D,2024-07-11,ADD
643,A,2024-01-08,ADD
643,D,2024-04-07,ADD
643,D,2024-07-06,ADD
644,A,2024-01-13,ADD
644,D,2024-04-12,ADD
644,D,2024-07-11,ADD
645,A,2024-01-24,ADD
645,D,2024-04-23,ADD
645,D,2024-07-22,ADD
646,A,2024-01-23,ADD
646,D,2024-04-22,ADD
646,D,2024-07-21,ADD
647,A,2024-01-19,ADD
647,D,2024-04-18,ADD
647,D,2024-07-17,ADD
648,A,2024-01-12,ADD
648,D,2024-04-11,ADD
648,D,2024-07-10,ADD
649,A,2024-01-21,ADD
649,D,2024-04-20,ADD
649,D,2024-07-19,ADD
650,A,2024-01-02,ADD
650,D,2024-03-02,ADD
650,A,2024-05-01,ADD
650,D,2024-06-30,ADD
651,A,2024-01-29,ADD
651,D,2024-04-28,ADD
651,D,2024-07-27,ADD
652,A,2024-01-12,ADD
652,D,2024-04-11,ADD
652,D,2024-07-10,ADD
653,A,2024-01-17,ADD
653,D,2024-04-16,ADD
653,D,2024-07-15,ADD
654,A,2024-01-20,ADD
654,D,2024-03-20,ADD
654,D,2024-05-19,ADD
654,D,2024-07-18,ADD
655,A,2024-01-25,ADD
655,D,2024-03-25,ADD
655,D,2024-05-24,ADD
655,D,2024-07-23,ADD
656,A,2024-01-26,ADD
656,D,2024-04-25,ADD
656,D,2024-07-24,ADD
657,A,2024-01-02,ADD
657,D,2024-04-01,ADD
657,D,2024-06-30,ADD
658,A,2024-01-09,ADD
658,D,2024-04-08,ADD
658,D,2024-07-07,ADD
659,A,2024-01-30,ADD
659,D,2024-04-29,ADD
659,D,2024-07-28,ADD
660,A,2024-01-01,ADD
660,D,2024-03-01,ADD
660,F,2024-04-30,ADD
660,D,2024-06-29,ADD
661,A,2024-01-05,ADD
661,D,2024-04-04,ADD
661,D,2024-07-03,ADD
662,A,2024-01-03,ADD
662,D,2024-04-02,ADD
662,D,2024-07-01,ADD
663,A,2024-01-14,ADD
663,D,2024-04-13,ADD
663,D,2024-07-12,ADD
664,A,2024-01-29,ADD
664,F,2024-03-29,ADD
664,D,2024-05-28,ADD
664,D,2024-07-27,ADD
665,A,2024-01-26,ADD
665,D,2024-04-25,ADD
665,D,2024-07-24,ADD
666,A,2024-01-07,ADD
666,D,2024-04-06,ADD
666,D,2024-07-05,ADD
667,A,2024-01-29,ADD
667,A,2024-03-29,ADD
667,D,2024-05-28,ADD
667,D,2024-07-27,ADD
668,A,2024-01-02,ADD
668,D,2024-04-01,ADD
668,D,2024-06-30,ADD
669,A,2024-01-12,ADD
669,G,2024-03-12,ADD
669,D,2024-05-11,ADD
669,D,2024-07-10,ADD
670,A,2024-01-16,ADD
670,D,2024-04-15,ADD
670,D,2024-07-14,ADD
671,A,2024-01-31,ADD
671,D,2024-04-30,ADD
671,D,2024-07-29,ADD
672,A,2024-01-20,ADD
672,D,2024-04-19,ADD
672,D,2024-07-18,ADD
673,A,2024-01-24,ADD
673,D,2024-04-23,ADD
673,D,2024-07-22,ADD
674,A,2024-01-27,ADD
674,D,2024-04-26,ADD
674,D,2024-07-25,ADD
675,A,2024-01-12,ADD
675,D,2024-04-11,ADD
675,D,2024-07-10,ADD
676,A,2024-01-22,ADD
676,D,2024-04-21,ADD
676,D,2024-07-20,ADD
677,A,2024-01-02,ADD
677,D,2024-04-01,ADD
677,D,2024-06-30,ADD
678,A,2024-01-13,ADD
678,D,2024-04-12,ADD
678,D,2024-07-11,ADD
679,A,2024-01-16,ADD
679,D,2024-04-15,ADD
679,D,2024-07-14,ADD
680,A,2024-01-16,ADD
680,D,2024-04-15,ADD
680,D,2024-07-14,ADD
681,A,2024-01-09,ADD
681,G,2024-03-09,ADD
681,F,2024-05-08,ADD
681,D,2024-07-07,ADD
682,A,2024-01-25,ADD
682,D,2024-04-24,ADD
682,D,2024-07-23,ADD
683,A,2024-01-11,ADD
683,G,2024-03-11,ADD
683,D,2024-05-10,ADD
683,D,2024-07-09,ADD
684,A,2024-01-07,ADD
684,G,2024-03-07,ADD
684,D,2024-05-06,ADD
684,D,2024-07-05,ADD
685,A,2024-01-22,ADD
685,D,2024-04-21,ADD
685,D,2024-07-20,ADD
686,A,2024-01-21,ADD
686,A,2024-03-21,ADD
686,D,2024-05-20,ADD
686,D,2024-07-19,ADD
687,A,2024-01-11,ADD
687,D,2024-04-10,ADD
687,D,2024-07-09,ADD
688,A,2024-01-25,ADD
688,C,2024-03-25,ADD
688,D,2024-05-24,ADD
688,D,2024-07-23,ADD
689,A,2024-01-31,ADD
689,D,2024-04-30,ADD
689,D,2024-07-29,ADD
690,A,2024-01-08,ADD
690,D,2024-04-07,ADD
690,D,2024-07-06,ADD
691,A,2024-01-06,ADD
691,D,2024-04-05,ADD
691,D,2024-07-04,ADD
692,A,2024-01-22,ADD
692,D,2024-04-21,ADD
692,D,2024-07-20,ADD
693,A,2024-01-25,ADD
693,D,2024-04-24,ADD
693,D,2024-07-23,ADD
694,A,2024-01-13,ADD
694,D,2024-04-12,ADD
694,D,2024-07-11,ADD
695,A,2024-01-27,ADD
695,D,2024-04-26,ADD
695,D,2024-07-25,ADD
696,A,2024-01-24,ADD
696,D,2024-04-23,ADD
696,D,2024-07-22,ADD
697,A,2024-01-01,ADD
697,D,2024-03-31,ADD
697,D,2024-06-29,ADD
698,A,2024-01-26,ADD
698,D,2024-04-25,ADD
698,D,2024-07-24,ADD
699,A,2024-01-23,ADD
699,D,2024-04-22,ADD
699,D,2024-07-21,ADD
700,A,2024-01-04,ADD
700,D,2024-04-03,ADD
700,D,2024-07-02,ADD
701,A,2024-01-07,ADD
701,D,2024-04-06,ADD
701,D,2024-07-05,ADD
702,A,2024-01-08,ADD
702,D,2024-04-07,ADD
702,D,2024-07-06,ADD
703,A,2024-01-20,ADD
703,D,2024-04-19,ADD
703,D,2024-07-18,ADD
704,A,2024-01-20,ADD
704,D,2024-04-19,ADD
704,D,2024-07-18,ADD
705,A,2024-01-16,ADD
705,D,2024-04-15,ADD
705,D,2024-07-14,ADD
706,A,2024-01-18,ADD
706,D,2024-04-17,ADD
706,D,2024-07-16,ADD
707,A,2024-01-20,ADD
707,D,2024-04-19,ADD
707,D,2024-07-18,ADD
708,A,2024-01-23,ADD
708,D,2024-04-22,ADD
708,D,2024-07-21,ADD
709,A,2024-01-31,ADD
709,D,2024-04-30,ADD
709,D,2024-07-29,ADD
710,A,2024-01-05,ADD
710,D,2024-04-04,ADD
710,D,2024-07-03,ADD
711,A,2024-01-29,ADD
711,D,2024-04-28,ADD
711,D,2024-07-27,ADD
712,A,2024-01-16,ADD
712,D,2024-03-16,ADD
712,D,2024-05-15,ADD
712,D,2024-07-14,ADD
713,A,2024-01-07,ADD
713,D,2024-04-06,ADD
713,D,2024-07-05,ADD
714,A,2024-01-19,ADD
714,D,2024-04-18,ADD
714,D,2024-07-17,ADD
715,A,2024-01-25,ADD
715,D,2024-03-25,ADD
715,E,2024-05-24,ADD
715,D,2024-07-23,ADD
716,A,2024-01-26,ADD
716,D,2024-03-26,ADD
716,C,2024-05-25,ADD
716,D,2024-07-24,ADD
717,A,2024-01-08,ADD
717,D,2024-04-07,ADD
717,D,2024-07-06,ADD
718,A,2024-01-24,ADD
718,D,2024-04-23,ADD
718,D,2024-07-22,ADD
719,A,2024-01-10,ADD
719,D,2024-04-09,ADD
719,D,2024-07-08,ADD
720,A,2024-01-09,ADD
720,D,2024-04-08,ADD
720,D,2024-07-07,ADD
721,A,2024-01-11,ADD
721,F,2024-03-11,ADD
721,D,2024-05-10,ADD
721,D,2024-07-09,ADD
722,A,2024-01-11,ADD
722,D,2024-04-10,ADD
722,D,2024-07-09,ADD
723,A,2024-01-14,ADD
723,D,2024-04-13,ADD
723,D,2024-07-12,ADD
724,A,2024-01-26,ADD
724,D,2024-04-25,ADD
724,D,2024-07-24,ADD
725,A,2024-01-31,ADD
725,D,2024-04-30,ADD
725,D,2024-07-29,ADD
726,A,2024-01-22,ADD
726,D,2024-04-21,ADD
726,D,2024-07-20,ADD
727,A,2024-01-26,ADD
727,B,2024-03-26,ADD
727,B,2024-05-25,ADD
727,D,2024-07-24,ADD
728,A,2024-01-13,ADD
728,D,2024-04-12,ADD
728,D,2024-07-11,ADD
729,A,2024-01-14,ADD
729,D,2024-04-13,ADD
729,D,2024-07-12,ADD
730,A,2024-01-05,ADD
730,D,2024-04-04,ADD
730,D,2024-07-03,ADD
731,A,2024-01-07,ADD
731,D,2024-04-06,ADD
731,D,2024-07-05,ADD
732,A,2024-01-22,ADD
732,D,2024-04-21,ADD
732,D,2024-07-20,ADD
733,A,2024-01-05,ADD
733,D,2024-04-04,ADD
733,D,2024-07-03,ADD
734,A,2024-01-21,ADD
734,D,2024-04-20,ADD
734,D,2024-07-19,ADD
735,A,2024-01-01,ADD
735,D,2024-03-31,ADD
735,D,2024-06-29,ADD
736,A,2024-01-03,ADD
736,D,2024-04-02,ADD
736,D,2024-07-01,ADD
737,A,2024-01-19,ADD
737,D,2024-04-18,ADD
737,D,2024-07-17,ADD
738,A,2024-01-02,ADD
738,D,2024-03-02,ADD
738,F,2024-05-01,ADD
738,D,2024-06-30,ADD
739,A,2024-01-25,ADD
739,D,2024-04-24,ADD
739,D,2024-07-23,ADD
740,A,2024-01-08,ADD
740,D,2024-04-07,ADD
740,D,2024-07-06,ADD
741,A,2024-01-06,ADD
741,D,2024-04-05,ADD
741,D,2024-07-04,ADD
742,A,2024-01-15,ADD
742,D,2024-04-14,ADD
742,D,2024-07-13,ADD
743,A,2024-01-05,ADD
743,D,2024-04-04,ADD
743,D,2024-07-03,ADD
744,A,2024-01-23,ADD
744,D,2024-04-22,ADD
744,D,2024-07-21,ADD
745,A,2024-01-28,ADD
745,D,2024-04-27,ADD
745,D,2024-07-26,ADD
746,A,2024-01-07,ADD
746,D,2024-04-06,ADD
746,D,2024-07-05,ADD
747,A,2024-01-16,ADD
747,D,2024-04-15,ADD
747,D,2024-07-14,ADD
748,A,2024-01-10,ADD
748,D,2024-03-10,ADD
748,G,2024-05-09,ADD
748,D,2024-07-08,ADD
749,A,2024-01-15,ADD
749,D,2024-04-14,ADD
749,D,2024-07-13,ADD
750,A,2024-01-29,ADD
750,D,2024-04-28,ADD
750,D,2024-07-27,ADD
751,A,2024-01-04,ADD
751,D,2024-04-03,ADD
751,D,2024-07-02,ADD
752,A,2024-01-15,ADD
752,D,2024-04-14,ADD
752,D,2024-07-13,ADD
753,A,2024-01-09,ADD
753,F,2024-03-09,ADD
753,D,2024-05-08,ADD
753,D,2024-07-07,ADD
754,A,2024-01-27,ADD
754,D,2024-04-26,ADD
754,D,2024-07-25,ADD
755,A,2024-01-19,ADD
755,D,2024-04-18,ADD
755,D,2024-07-17,ADD
756,A,2024-01-28,ADD
756,D,2024-04-27,ADD
756,D,2024-07-26,ADD
757,A,2024-01-28,ADD
757,D,2024-04-27,ADD
757,D,2024-07-26,ADD
758,A,2024-01-28,ADD
758,D,2024-04-27,ADD
758,D,2024-07-26,ADD
759,A,2024-01-01,ADD
759,D,2024-03-31,ADD
759,D,2024-06-29,ADD
760,A,2024-01-18,ADD
760,D,2024-04-17,ADD
760,D,2024-07-16,ADD
761,A,2024-01-21,ADD
761,D,2024-04-20,ADD
761,D,2024-07-19,ADD
762,A,2024-01-21,ADD
762,D,2024-04-20,ADD
762,D,2024-07-19,ADD
763,A,2024-01-28,ADD
763,D,2024-04-27,ADD
763,D,2024-07-26,ADD
764,A,2024-01-09,ADD
764,D,2024-04-08,ADD
764,D,2024-07-07,ADD
765,A,2024-01-19,ADD
765,D,2024-03-19,ADD
765,F,2024-05-18,ADD
765,D,2024-07-17,ADD
766,A,2024-01-10,ADD
766,D,2024-04-09,ADD
766,D,2024-07-08,ADD
767,A,2024-01-18,ADD
767,D,2024-03-18,ADD
767,B,2024-05-17,ADD
767,D,2024-07-16,ADD
768,A,2024-01-18,ADD
768,D,2024-04-17,ADD
768,D,2024-07-16,ADD
769,A,2024-01-19,ADD
769,C,2024-03-19,ADD
769,D,2024-05-18,ADD
769,D,2024-07-17,ADD
770,A,2024-01-17,ADD
770,A,2024-03-17,ADD
770,D,2024-05-16,ADD
770,D,2024-07-15,ADD
771,A,2024-01-13,ADD
771,D,2024-04-12,ADD
771,D,2024-07-11,ADD
772,A,2024-01-14,ADD
772,D,2024-04-13,ADD
772,D,2024-07-12,ADD
773,A,2024-01-06,ADD
773,D,2024-04-05,ADD
773,D,2024-07-04,ADD
774,A,2024-01-19,ADD
774,D,2024-04-18,ADD
774,D,2024-07-17,ADD
775,A,2024-01-01,ADD
775,D,2024-03-31,ADD
775,D,2024-06-29,ADD
776,A,2024-01-03,ADD
776,D,2024-03-03,ADD
776,C,2024-05-02,ADD
776,D,2024-07-01,ADD
777,A,2024-01-12,ADD
777,D,2024-04-11,ADD
777,D,2024-07-10,ADD
778,A,2024-01-28,ADD
778,D,2024-04-27,ADD
778,D,2024-07-26,ADD
779,A,2024-01-17,ADD
779,G,2024-03-17,ADD
779,D,2024-05-16,ADD
779,D,2024-07-15,ADD
780,A,2024-01-26,ADD
780,D,2024-04-25,ADD
780,D,2024-07-24,ADD
781,A,2024-01-01,ADD
781,D,2024-03-31,ADD
781,D,2024-06-29,ADD
782,A,2024-01-26,ADD
782,D,2024-04-25,ADD
782,D,2024-07-24,ADD
783,A,2024-01-02,ADD
783,E,2024-03-02,ADD
783,E,2024-05-01,ADD
783,D,2024-06-30,ADD
784,A,2024-01-08,ADD
784,D,2024-04-07,ADD
784,D,2024-07-06,ADD
785,A,2024-01-07,ADD
785,D,2024-04-06,ADD
785,D,2024-07-05,ADD
786,A,2024-01-24,ADD
786,E,2024-03-24,ADD
786,A,2024-05-23,ADD
786,D,2024-07-22,ADD
787,A,2024-01-06,ADD
787,D,2024-04-05,ADD
787,D,2024-07-04,ADD
788,A,2024-01-28,ADD
788,D,2024-03-28,ADD
788,D,2024-05-27,ADD
788,D,2024-07-26,ADD
789,A,2024-01-27,ADD
789,D,2024-04-26,ADD
789,D,2024-07-25,ADD
790,A,2024-01-01,ADD
790,D,2024-03-01,ADD
790,E,2024-04-30,ADD
790,D,2024-06-29,ADD
791,A,2024-01-14,ADD
791,D,2024-04-13,ADD
791,D,2024-07-12,ADD
792,A,2024-01-18,ADD
792,D,2024-04-17,ADD
792,D,2024-07-16,ADD
793,A,2024-01-11,ADD
793,D,2024-03-11,ADD
793,D,2024-05-10,ADD
793,D,2024-07-09,ADD
794,A,2024-01-24,ADD
794,D,2024-03-24,ADD
794,G,2024-05-23,ADD
794,D,2024-07-22,ADD
795,A,2024-01-28,ADD
795,D,2024-03-28,ADD
795,E,2024-05-27,ADD
795,D,2024-07-26,ADD
796,A,2024-01-28,ADD
796,D,2024-04-27,ADD
796,D,2024-07-26,ADD
797,A,2024-01-16,ADD
797,D,2024-04-15,ADD
797,D,2024-07-14,ADD
798,A,2024-01-15,ADD
798,D,2024-04-14,ADD
798,D,2024-07-13,ADD
799,A,2024-01-13,ADD
799,D,2024-03-13,ADD
799,D,2024-05-12,ADD
799,D,2024-07-11,ADD
800,A,2024-01-22,ADD
800,D,2024-04-21,ADD
800,D,2024-07-20,ADD
801,A,2024-01-08,ADD
801,D,2024-04-07,ADD
801,D,2024-07-06,ADD
802,A,2024-01-20,ADD
802,D,2024-04-19,ADD
802,D,2024-07-18,ADD
803,A,2024-01-29,ADD
803,D,2024-04-28,ADD
803,D,2024-07-27,ADD
804,A,2024-01-10,ADD
804,D,2024-04-09,ADD
804,D,2024-07-08,ADD
805,A,2024-01-21,ADD
805,D,2024-04-20,ADD
805,D,2024-07-19,ADD
806,A,2024-01-13,ADD
806,D,2024-04-12,ADD
806,D,2024-07-11,ADD
807,A,2024-01-17,ADD
807,D,2024-04-16,ADD
807,D,2024-07-15,ADD
808,A,2024-01-12,ADD
808,D,2024-04-11,ADD
808,D,2024-07-10,ADD
809,A,2024-01-26,ADD
809,D,2024-04-25,ADD
809,D,2024-07-24,ADD
810,A,2024-01-11,ADD
810,D,2024-04-10,ADD
810,D,2024-07-09,ADD
811,A,2024-01-22,ADD
811,D,2024-04-21,ADD
811,D,2024-07-20,ADD
812,A,2024-01-30,ADD
812,D,2024-04-29,ADD
812,D,2024-07-28,ADD
813,A,2024-01-16,ADD
813,D,2024-04-15,ADD
813,D,2024-07-14,ADD
814,A,2024-01-22,ADD
814,D,2024-04-21,ADD
814,D,2024-07-20,ADD
815,A,2024-01-01,ADD
815,D,2024-03-31,ADD
815,D,2024-06-29,ADD
816,A,2024-01-09,ADD
816,F,2024-03-09,ADD
816,D,2024-05-08,ADD
816,D,2024-07-07,ADD
817,A,2024-01-11,ADD
817,D,2024-04-10,ADD
817,D,2024-07-09,ADD
818,A,2024-01-25,ADD
818,D,2024-04-24,ADD
818,D,2024-07-23,ADD
819,A,2024-01-07,ADD
819,D,2024-04-06,ADD
819,D,2024-07-05,ADD
820,A,2024-01-14,ADD
820,D,2024-04-13,ADD
820,D,2024-07-12,ADD
821,A,2024-01-24,ADD
821,D,2024-03-24,ADD
821,F,2024-05-23,ADD
821,D,2024-07-22,ADD
822,A,2024-01-23,ADD
822,D,2024-04-22,ADD
822,D,2024-07-21,ADD
823,A,2024-01-19,ADD
823,D,2024-04-18,ADD
823,D,2024-07-17,ADD
824,A,2024-01-18,ADD
824,D,2024-03-18,ADD
824,F,2024-05-17,ADD
824,D,2024-07-16,ADD
825,A,2024-01-02,ADD
825,D,2024-04-01,ADD
825,D,2024-06-30,ADD
826,A,2024-01-01,ADD
826,E,2024-03-01,ADD
826,D,2024-04-30,ADD
826,D,2024-06-29,ADD
827,A,2024-01-05,ADD
827,D,2024-04-04,ADD
827,D,2024-07-03,ADD
828,A,2024-01-30,ADD
828,D,2024-03-30,ADD
828,F,2024-05-29,ADD
828,D,2024-07-28,ADD
829,A,2024-01-16,ADD
829,D,2024-04-15,ADD
829,D,2024-07-14,ADD
830,A,2024-01-21,ADD
830,C,2024-03-21,ADD
830,D,2024-05-20,ADD
830,D,2024-07-19,ADD
831,A,2024-01-17,ADD
831,D,2024-04-16,ADD
831,D,2024-07-15,ADD
832,A,2024-01-14,ADD
832,D,2024-04-13,ADD
832,D,2024-07-12,ADD
833,A,2024-01-17,ADD
833,D,2024-04-16,ADD
833,D,2024-07-15,ADD
834,A,2024-01-19,ADD
834,D,2024-04-18,ADD
834,D,2024-07-17,ADD
835,A,2024-01-12,ADD
835,D,2024-04-11,ADD
835,D,2024-07-10,ADD
836,A,2024-01-01,ADD
836,D,2024-03-31,ADD
836,D,2024-06-29,ADD
837,A,2024-01-10,ADD
837,D,2024-04-09,ADD
837,D,2024-07-08,ADD
838,A,2024-01-27,ADD
838,D,2024-03-27,ADD
838,A,2024-05-26,ADD
838,D,2024-07-25,ADD
839,A,2024-01-12,ADD
839,D,2024-04-11,ADD
839,D,2024-07-10,ADD
840,A,2024-01-23,ADD
840,D,2024-04-22,ADD
840,D,2024-07-21,ADD
841,A,2024-01-23,ADD
841,D,2024-04-22,ADD
841,D,2024-07-21,ADD
842,A,2024-01-21,ADD
842,D,2024-04-20,ADD
842,D,2024-07-19,ADD
843,A,2024-01-10,ADD
843,D,2024-04-09,ADD
843,D,2024-07-08,ADD
844,A,2024-01-04,ADD
844,D,2024-04-03,ADD
844,D,2024-07-02,ADD
845,A,2024-01-13,ADD
845,D,2024-03-13,ADD
845,G,2024-05-12,ADD
845,D,2024-07-11,ADD
846,A,2024-01-08,ADD
846,D,2024-04-07,ADD
846,D,2024-07-06,ADD
847,A,2024-01-01,ADD
847,D,2024-03-31,ADD
847,D,2024-06-29,ADD
848,A,2024-01-14,ADD
848,D,2024-04-13,ADD
848,D,2024-07-12,ADD
849,A,2024-01-17,ADD
849,D,2024-04-16,ADD
849,D,2024-07-15,ADD
850,A,2024-01-13,ADD
850,D,2024-04-12,ADD
850,D,2024-07-11,ADD
851,A,2024-01-06,ADD
851,D,2024-03-06,ADD
851,D,2024-05-05,ADD
851,D,2024-07-04,ADD
852,A,2024-01-27,ADD
852,D,2024-04-26,ADD
852,D,2024-07-25,ADD
853,A,2024-01-26,ADD
853,D,2024-04-25,ADD
853,D,2024-07-24,ADD
854,A,2024-01-16,ADD
854,E,2024-03-16,ADD
854,D,2024-05-15,ADD
854,D,2024-07-14,ADD
855,A,2024-01-21,ADD
855,D,2024-04-20,ADD
855,D,2024-07-19,ADD
856,A,2024-01-10,ADD
856,D,2024-04-09,ADD
856,D,2024-07-08,ADD
857,A,2024-01-05,ADD
857,D,2024-04-04,ADD
857,D,2024-07-03,ADD
858,A,2024-01-18,ADD
858,D,2024-04-17,ADD
858,D,2024-07-16,ADD
859,A,2024-01-30,ADD
859,D,2024-04-29,ADD
859,D,2024-07-28,ADD
860,A,2024-01-17,ADD
860,D,2024-04-16,ADD
860,D,2024-07-15,ADD
861,A,2024-01-17,ADD
861,D,2024-04-16,ADD
861,D,2024-07-15,ADD
862,A,2024-01-10,ADD
862,D,2024-04-09,ADD
862,D,2024-07-08,ADD
863,A,2024-01-27,ADD
863,D,2024-04-26,ADD
863,D,2024-07-25,ADD
864,A,2024-01-03,ADD
864,D,2024-04-02,ADD
864,D,2024-07-01,ADD
865,A,2024-01-15,ADD
865,D,2024-04-14,ADD
865,D,2024-07-13,ADD
866,A,2024-01-07,ADD
866,G,2024-03-07,ADD
866,F,2024-05-06,ADD
866,D,2024-07-05,ADD
867,A,2024-01-03,ADD
867,D,2024-04-02,ADD
867,D,2024-07-01,ADD
868,A,2024-01-19,ADD
868,D,2024-04-18,ADD
868,D,2024-07-17,ADD
869,A,2024-01-29,ADD
869,D,2024-04-28,ADD
869,D,2024-07-27,ADD
870,A,2024-01-14,ADD
870,D,2024-04-13,ADD
870,D,2024-07-12,ADD
871,A,2024-01-17,ADD
871,G,2024-03-17,ADD
871,D,2024-05-16,ADD
871,D,2024-07-15,ADD
872,A,2024-01-10,ADD
872,D,2024-04-09,ADD
872,D,2024-07-08,ADD
873,A,2024-01-22,ADD
873,D,2024-03-22,ADD
873,F,2024-05-21,ADD
873,D,2024-07-20,ADD
874,A,2024-01-13,ADD
874,D,2024-04-12,ADD
874,D,2024-07-11,ADD
875,A,2024-01-23,ADD
875,D,2024-04-22,ADD
875,D,2024-07-21,ADD
876,A,2024-01-17,ADD
876,D,2024-04-16,ADD
876,D,2024-07-15,ADD
877,A,2024-01-25,ADD
877,D,2024-04-24,ADD
877,D,2024-07-23,ADD
878,A,2024-01-14,ADD
878,D,2024-04-13,ADD
878,D,2024-07-12,ADD
879,A,2024-01-22,ADD
879,D,2024-04-21,ADD
879,D,2024-07-20,ADD
880,A,2024-01-01,ADD
880,D,2024-03-31,ADD
880,D,2024-06-29,ADD
881,A,2024-01-12,ADD
881,D,2024-04-11,ADD
881,D,2024-07-10,ADD
882,A,2024-01-10,ADD
882,D,2024-04-09,ADD
882,D,2024-07-08,ADD
883,A,2024-01-31,ADD
883,D,2024-04-30,ADD
883,D,2024-07-29,ADD
884,A,2024-01-20,ADD
884,E,2024-03-20,ADD
884,E,2024-05-19,ADD
884,D,2024-07-18,ADD
885,A,2024-01-22,ADD
885,D,2024-04-21,ADD
885,D,2024-07-20,ADD
886,A,2024-01-30,ADD
886,D,2024-04-29,ADD
886,D,2024-07-28,ADD
887,A,2024-01-01,ADD
887,D,2024-03-31,ADD
887,D,2024-06-29,ADD
888,A,2024-01-28,ADD
888,D,2024-04-27,ADD
888,D,2024-07-26,ADD
889,A,2024-01-01,ADD
889,D,2024-03-31,ADD
889,D,2024-06-29,ADD
890,A,2024-01-02,ADD
890,D,2024-04-01,ADD
890,D,2024-06-30,ADD
891,A,2024-01-06,ADD
891,D,2024-03-06,ADD
891,G,2024-05-05,ADD
891,D,2024-07-04,ADD
892,A,2024-01-02,ADD
892,D,2024-04-01,ADD
892,D,2024-06-30,ADD
893,A,2024-01-04,ADD
893,D,2024-04-03,ADD
893,D,2024-07-02,ADD
894,A,2024-01-22,ADD
894,D,2024-03-22,ADD
894,F,2024-05-21,ADD
894,D,2024-07-20,ADD
895,A,2024-01-04,ADD
895,D,2024-04-03,ADD
895,D,2024-07-02,ADD
896,A,2024-01-12,ADD
896,D,2024-03-12,ADD
896,D,2024-05-11,ADD
896,D,2024-07-10,ADD
897,A,2024-01-10,ADD
897,D,2024-04-09,ADD
897,D,2024-07-08,ADD
898,A,2024-01-16,ADD
898,D,2024-04-15,ADD
898,D,2024-07-14,ADD
899,A,2024-01-29,ADD
899,D,2024-04-28,ADD
899,D,2024-07-27,ADD
900,A,2024-01-24,ADD
900,D,2024-04-23,ADD
900,D,2024-07-22,ADD
901,A,2024-01-14,ADD
901,D,2024-04-13,ADD
901,D,2024-07-12,ADD
902,A,2024-01-24,ADD
902,D,2024-04-23,ADD
902,D,2024-07-22,ADD
903,A,2024-01-03,ADD
903,D,2024-04-02,ADD
903,D,2024-07-01,ADD
904,A,2024-01-29,ADD
904,D,2024-04-28,ADD
904,D,2024-07-27,ADD
905,A,2024-01-05,ADD
905,D,2024-03-05,ADD
905,G,2024-05-04,ADD
905,D,2024-07-03,ADD
906,A,2024-01-21,ADD
906,D,2024-04-20,ADD
906,D,2024-07-19,ADD
907,A,2024-01-24,ADD
907,D,2024-04-23,ADD
907,D,2024-07-22,ADD
908,A,2024-01-14,ADD
908,D,2024-03-14,ADD
908,C,2024-05-13,ADD
908,D,2024-07-12,ADD
909,A,2024-01-17,ADD
909,D,2024-03-17,ADD
909,E,2024-05-16,ADD
909,D,2024-07-15,ADD
910,A,2024-01-13,ADD
910,E,2024-03-13,ADD
910,D,2024-05-12,ADD
910,D,2024-07-11,ADD
911,A,2024-01-12,ADD
911,D,2024-04-11,ADD
911,D,2024-07-10,ADD
912,A,2024-01-27,ADD
912,D,2024-03-27,ADD
912,G,2024-05-26,ADD
912,D,2024-07-25,ADD
913,A,2024-01-21,ADD
913,D,2024-04-20,ADD
913,D,2024-07-19,ADD
914,A,2024-01-15,ADD
914,D,2024-04-14,ADD
914,D,2024-07-13,ADD
915,A,2024-01-09,ADD
915,F,2024-03-09,ADD
915,D,2024-05-08,ADD
915,D,2024-07-07,ADD
916,A,2024-01-31,ADD
916,D,2024-04-30,ADD
916,D,2024-07-29,ADD
917,A,2024-01-12,ADD
917,D,2024-04-11,ADD
917,D,2024-07-10,ADD
918,A,2024-01-23,ADD
918,D,2024-04-22,ADD
918,D,2024-07-21,ADD
919,A,2024-01-28,ADD
919,D,2024-04-27,ADD
919,D,2024-07-26,ADD
920,A,2024-01-27,ADD
920,D,2024-04-26,ADD
920,D,2024-07-25,ADD
921,A,2024-01-27,ADD
921,D,2024-04-26,ADD
921,D,2024-07-25,ADD
922,A,2024-01-21,ADD
922,D,2024-03-21,ADD
922,F,2024-05-20,ADD
922,D,2024-07-19,ADD
923,A,2024-01-14,ADD
923,D,2024-04-13,ADD
923,D,2024-07-12,ADD
924,A,2024-01-15,ADD
924,D,2024-04-14,ADD
924,D,2024-07-13,ADD
925,A,2024-01-10,ADD
925,D,2024-04-09,ADD
925,D,2024-07-08,ADD
926,A,2024-01-30,ADD
926,A,2024-03-30,ADD
926,E,2024-05-29,ADD
926,D,2024-07-28,ADD
927,A,2024-01-17,ADD
927,D,2024-04-16,ADD
927,D,2024-07-15,ADD
928,A,2024-01-26,ADD
928,D,2024-04-25,ADD
928,D,2024-07-24,ADD
929,A,2024-01-26,ADD
929,D,2024-04-25,ADD
929,D,2024-07-24,ADD
930,A,2024-01-22,ADD
930,G,2024-03-22,ADD
930,D,2024-05-21,ADD
930,D,2024-07-20,ADD
931,A,2024-01-04,ADD
931,D,2024-04-03,ADD
931,D,2024-07-02,ADD
932,A,2024-01-11,ADD
932,D,2024-04-10,ADD
932,D,2024-07-09,ADD
933,A,2024-01-11,ADD
933,D,2024-04-10,ADD
933,D,2024-07-09,ADD
934,A,2024-01-07,ADD
934,D,2024-04-06,ADD
934,D,2024-07-05,ADD
935,A,2024-01-19,ADD
935,D,2024-04-18,ADD
935,D,2024-07-17,ADD
936,A,2024-01-30,ADD
936,D,2024-03-30,ADD
936,E,2024-05-29,ADD
936,D,2024-07-28,ADD
937,A,2024-01-02,ADD
937,D,2024-04-01,ADD
937,D,2024-06-30,ADD
938,A,2024-01-08,ADD
938,D,2024-04-07,ADD
938,D,2024-07-06,ADD
939,A,2024-01-05,ADD
939,D,2024-04-04,ADD
939,D,2024-07-03,ADD
940,A,2024-01-05,ADD
940,D,2024-04-04,ADD
940,D,2024-07-03,ADD
941,A,2024-01-10,ADD
941,D,2024-04-09,ADD
941,D,2024-07-08,ADD
942,A,2024-01-27,ADD
942,D,2024-04-26,ADD
942,D,2024-07-25,ADD
943,A,2024-01-22,ADD
943,D,2024-04-21,ADD
943,D,2024-07-20,ADD
944,A,2024-01-08,ADD
944,D,2024-04-07,ADD
944,D,2024-07-06,ADD
945,A,2024-01-09,ADD
945,D,2024-04-08,ADD
945,D,2024-07-07,ADD
946,A,2024-01-03,ADD
946,D,2024-04-02,ADD
946,D,2024-07-01,ADD
947,A,2024-01-30,ADD
947,D,2024-04-29,ADD
947,D,2024-07-28,ADD
948,A,2024-01-06,ADD
948,E,2024-03-06,ADD
948,D,2024-05-05,ADD
948,D,2024-07-04,ADD
949,A,2024-01-16,ADD
949,D,2024-04-15,ADD
949,D,2024-07-14,ADD
950,A,2024-01-21,ADD
950,D,2024-04-20,ADD
950,D,2024-07-19,ADD
951,A,2024-01-06,ADD
951,D,2024-04-05,ADD
951,D,2024-07-04,ADD
952,A,2024-01-25,ADD
952,D,2024-04-24,ADD
952,D,2024-07-23,ADD
953,A,2024-01-04,ADD
953,D,2024-04-03,ADD
953,D,2024-07-02,ADD
954,A,2024-01-25,ADD
954,D,2024-04-24,ADD
954,D,2024-07-23,ADD
955,A,2024-01-16,ADD
955,D,2024-04-15,ADD
955,D,2024-07-14,ADD
956,A,2024-01-05,ADD
956,D,2024-04-04,ADD
956,D,2024-07-03,ADD
957,A,2024-01-21,ADD
957,D,2024-04-20,ADD
957,D,2024-07-19,ADD
958,A,2024-01-09,ADD
958,D,2024-04-08,ADD
958,D,2024-07-07,ADD
959,A,2024-01-28,ADD
959,D,2024-04-27,ADD
959,D,2024-07-26,ADD
960,A,2024-01-07,ADD
960,D,2024-04-06,ADD
960,D,2024-07-05,ADD
961,A,2024-01-03,ADD
961,D,2024-04-02,ADD
961,D,2024-07-01,ADD
962,A,2024-01-20,ADD
962,A,2024-03-20,ADD
962,D,2024-05-19,ADD
962,D,2024-07-18,ADD
963,A,2024-01-28,ADD
963,D,2024-04-27,ADD
963,D,2024-07-26,ADD
964,A,2024-01-31,ADD
964,D,2024-03-31,ADD
964,B,2024-05-30,ADD
964,D,2024-07-29,ADD
965,A,2024-01-28,ADD
965,D,2024-04-27,ADD
965,D,2024-07-26,ADD
966,A,2024-01-16,ADD
966,D,2024-04-15,ADD
966,D,2024-07-14,ADD
967,A,2024-01-20,ADD
967,D,2024-04-19,ADD
967,D,2024-07-18,ADD
968,A,2024-01-23,ADD
968,D,2024-04-22,ADD
968,D,2024-07-21,ADD
969,A,2024-01-25,ADD
969,D,2024-04-24,ADD
969,D,2024-07-23,ADD
970,A,2024-01-30,ADD
970,D,2024-04-29,ADD
970,D,2024-07-28,ADD
971,A,2024-01-25,ADD
971,D,2024-04-24,ADD
971,D,2024-07-23,ADD
972,A,2024-01-29,ADD
972,D,2024-04-28,ADD
972,D,2024-07-27,ADD
973,A,2024-01-24,ADD
973,D,2024-04-23,ADD
973,D,2024-07-22,ADD
974,A,2024-01-11,ADD
974,D,2024-04-10,ADD
974,D,2024-07-09,ADD
975,A,2024-01-14,ADD
975,D,2024-04-13,ADD
975,D,2024-07-12,ADD
976,A,2024-01-12,ADD
976,B,2024-03-12,ADD
976,B,2024-05-11,ADD
976,D,2024-07-10,ADD
977,A,2024-01-07,ADD
977,D,2024-04-06,ADD
977,D,2024-07-05,ADD
978,A,2024-01-26,ADD
978,D,2024-04-25,ADD
978,D,2024-07-24,ADD
979,A,2024-01-11,ADD
979,D,2024-04-10,ADD
979,D,2024-07-09,ADD
980,A,2024-01-14,ADD
980,C,2024-03-14,ADD
980,A,2024-05-13,ADD
980,D,2024-07-12,ADD
981,A,2024-01-09,ADD
981,D,2024-03-09,ADD
981,G,2024-05-08,ADD
981,D,2024-07-07,ADD
982,A,2024-01-26,ADD
982,D,2024-03-26,ADD
982,E,2024-05-25,ADD
982,D,2024-07-24,ADD
983,A,2024-01-07,ADD
983,D,2024-04-06,ADD
983,D,2024-07-05,ADD
984,A,2024-01-01,ADD
984,D,2024-03-31,ADD
984,D,2024-06-29,ADD
985,A,2024-01-07,ADD
985,E,2024-03-07,ADD
985,D,2024-05-06,ADD
985,D,2024-07-05,ADD
986,A,2024-01-04,ADD
986,D,2024-04-03,ADD
986,D,2024-07-02,ADD
987,A,2024-01-03,ADD
987,D,2024-04-02,ADD
987,D,2024-07-01,ADD
988,A,2024-01-13,ADD
988,D,2024-04-12,ADD
988,D,2024-07-11,ADD
989,A,2024-01-08,ADD
989,C,2024-03-08,ADD
989,D,2024-05-07,ADD
989,D,2024-07-06,ADD
990,A,2024-01-27,ADD
990,D,2024-04-26,ADD
990,D,2024-07-25,ADD
991,A,2024-01-21,ADD
991,D,2024-04-20,ADD
991,D,2024-07-19,ADD
992,A,2024-01-06,ADD
992,D,2024-04-05,ADD
992,D,2024-07-04,ADD
993,A,2024-01-30,ADD
993,F,2024-03-30,ADD
993,D,2024-05-29,ADD
993,D,2024-07-28,ADD
994,A,2024-01-11,ADD
994,D,2024-03-11,ADD
994,G,2024-05-10,ADD
994,D,2024-07-09,ADD
995,A,2024-01-28,ADD
995,D,2024-04-27,ADD
995,D,2024-07-26,ADD
996,A,2024-01-05,ADD
996,D,2024-04-04,ADD
996,D,2024-07-03,ADD
997,A,2024-01-09,ADD
997,D,2024-04-08,ADD
997,D,2024-07-07,ADD
998,A,2024-01-05,ADD
998,D,2024-04-04,ADD
998,D,2024-07-03,ADD
999,A,2024-01-20,ADD
999,D,2024-04-19,ADD
999,D,2024-07-18,ADD
1000,A,2024-01-07,ADD
1000,D,2024-04-06,ADD
1000,D,2024-07-05,ADD
